INSERT INTO tb_member(nickname, provider_user_id, provider, region_type, email, gender, age_range) values('세미', '22012412', 'KAKAO', 'METROPOLITAN', 'ss@naver.com', 'MALE', '20');

INSERT INTO tb_category(name) values('가방');
INSERT INTO tb_category(name) values('귀금속');
INSERT INTO tb_category(name) values('도서용품');
INSERT INTO tb_category(name) values('서류');
INSERT INTO tb_category(name) values('산업용품');
INSERT INTO tb_category(name) values('쇼핑백');
INSERT INTO tb_category(name) values('스포츠용품');
INSERT INTO tb_category(name) values('악기');
INSERT INTO tb_category(name) values('의류');
INSERT INTO tb_category(name) values('자동차');
INSERT INTO tb_category(name) values('전자기기');
INSERT INTO tb_category(name) values('지갑');
INSERT INTO tb_category(name) values('증명서');
INSERT INTO tb_category(name) values('컴퓨터');
INSERT INTO tb_category(name) values('카드');
INSERT INTO tb_category(name) values('현금');
INSERT INTO tb_category(name) values('휴대폰');
INSERT INTO tb_category(name) values('기타물품');

-- # WARNING
-- Don't touch the contents below.

-- ## 지하철 번호

-- # 1호선
INSERT INTO tb_train(prefix_train_no, subway_line_id) values('0', 1);
INSERT INTO tb_train(prefix_train_no, subway_line_id) values('K', 1);
INSERT INTO tb_train(prefix_train_no, subway_line_id) values('S', 1);
INSERT INTO tb_train(prefix_train_no, subway_line_id) values('1', 1);
INSERT INTO tb_train(prefix_train_no, subway_line_id) values('311', 1);
INSERT INTO tb_train(prefix_train_no, subway_line_id) values('312', 1);
INSERT INTO tb_train(prefix_train_no, subway_line_id) values('319', 1);
INSERT INTO tb_train(prefix_train_no, subway_line_id) values('341', 1);

-- # 2 ~ 9호선
INSERT INTO tb_train(prefix_train_no, subway_line_id) values('2', 2);
INSERT INTO tb_train(prefix_train_no, subway_line_id) values('3', 3);
INSERT INTO tb_train(prefix_train_no, subway_line_id) values('4', 4);
INSERT INTO tb_train(prefix_train_no, subway_line_id) values('5', 5);
INSERT INTO tb_train(prefix_train_no, subway_line_id) values('6', 6);
INSERT INTO tb_train(prefix_train_no, subway_line_id) values('7', 7);
INSERT INTO tb_train(prefix_train_no, subway_line_id) values('8', 8);
INSERT INTO tb_train(prefix_train_no, subway_line_id) values('9', 9);

-- # 신분당선
INSERT INTO tb_train(prefix_train_no, subway_line_id) values('D01', 18);
INSERT INTO tb_train(prefix_train_no, subway_line_id) values('D02', 18);
INSERT INTO tb_train(prefix_train_no, subway_line_id) values('D03', 18);
INSERT INTO tb_train(prefix_train_no, subway_line_id) values('D04', 18);
INSERT INTO tb_train(prefix_train_no, subway_line_id) values('D05', 18);
INSERT INTO tb_train(prefix_train_no, subway_line_id) values('D06', 18);
INSERT INTO tb_train(prefix_train_no, subway_line_id) values('D07', 18);
INSERT INTO tb_train(prefix_train_no, subway_line_id) values('D08', 18);
INSERT INTO tb_train(prefix_train_no, subway_line_id) values('D09', 18);
INSERT INTO tb_train(prefix_train_no, subway_line_id) values('D10', 18);
INSERT INTO tb_train(prefix_train_no, subway_line_id) values('D11', 18);
INSERT INTO tb_train(prefix_train_no, subway_line_id) values('D12', 18);
INSERT INTO tb_train(prefix_train_no, subway_line_id) values('D13', 18);
INSERT INTO tb_train(prefix_train_no, subway_line_id) values('D14', 18);
INSERT INTO tb_train(prefix_train_no, subway_line_id) values('D15', 18);
INSERT INTO tb_train(prefix_train_no, subway_line_id) values('D16', 18);
INSERT INTO tb_train(prefix_train_no, subway_line_id) values('D17', 18);
INSERT INTO tb_train(prefix_train_no, subway_line_id) values('D18', 18);
INSERT INTO tb_train(prefix_train_no, subway_line_id) values('D19', 18);
INSERT INTO tb_train(prefix_train_no, subway_line_id) values('D20', 18);
INSERT INTO tb_train(prefix_train_no, subway_line_id) values('D21', 18);
INSERT INTO tb_train(prefix_train_no, subway_line_id) values('D22', 18);
INSERT INTO tb_train(prefix_train_no, subway_line_id) values('D23', 18);

-- # 수인분당선
INSERT INTO tb_train(prefix_train_no, subway_line_id) values('351', 16);

-- # 경의중앙선
INSERT INTO tb_train(prefix_train_no, subway_line_id) values('321', 11);
INSERT INTO tb_train(prefix_train_no, subway_line_id) values('331', 11);

-- # 우이신설선
INSERT INTO tb_train(prefix_train_no, subway_line_id) values('UL', 20);

-- ## 지하철 노선

INSERT INTO tb_subway_line(subway_line_id, name, region_type, phone_number, identity) VALUES (1, '1호선', 'METROPOLITAN', '02-000-0000', 1001);
INSERT INTO tb_subway_line(subway_line_id, name, region_type, phone_number, identity) VALUES (2, '2호선', 'METROPOLITAN', '02-000-0000', 1002);
INSERT INTO tb_subway_line(subway_line_id, name, region_type, phone_number, identity) VALUES (3, '3호선', 'METROPOLITAN', '02-000-0000', 1003);
INSERT INTO tb_subway_line(subway_line_id, name, region_type, phone_number, identity) VALUES (4, '4호선', 'METROPOLITAN', '02-000-0000', 1004);
INSERT INTO tb_subway_line(subway_line_id, name, region_type, phone_number, identity) VALUES (5, '5호선', 'METROPOLITAN', '02-000-0000', 1005);
INSERT INTO tb_subway_line(subway_line_id, name, region_type, phone_number, identity) VALUES (6, '6호선', 'METROPOLITAN', '02-000-0000', 1006);
INSERT INTO tb_subway_line(subway_line_id, name, region_type, phone_number, identity) VALUES (7, '7호선', 'METROPOLITAN', '02-000-0000', 1007);
INSERT INTO tb_subway_line(subway_line_id, name, region_type, phone_number, identity) VALUES (8, '8호선', 'METROPOLITAN', '02-000-0000', 1008);
INSERT INTO tb_subway_line(subway_line_id, name, region_type, phone_number, identity) VALUES (9, '9호선', 'METROPOLITAN', '02-000-0000', 1009);
INSERT INTO tb_subway_line(subway_line_id, name, region_type, phone_number, identity) VALUES (10, '경강선', 'METROPOLITAN', '02-000-0000', 1081);
INSERT INTO tb_subway_line(subway_line_id, name, region_type, phone_number, identity) VALUES (11, '경의중앙선', 'METROPOLITAN', '02-000-0000', 1063);
INSERT INTO tb_subway_line(subway_line_id, name, region_type, phone_number, identity) VALUES (12, '경춘선', 'METROPOLITAN', '02-000-0000', 1067);
INSERT INTO tb_subway_line(subway_line_id, name, region_type, phone_number, identity) VALUES (13, '공항철도', 'METROPOLITAN', '02-000-0000', 1065);
INSERT INTO tb_subway_line(subway_line_id, name, region_type, phone_number, identity) VALUES (15, '서해선', 'METROPOLITAN', '02-000-0000', 1093);
INSERT INTO tb_subway_line(subway_line_id, name, region_type, phone_number, identity) VALUES (16, '수인분당선', 'METROPOLITAN', '02-000-0000', 1075);
INSERT INTO tb_subway_line(subway_line_id, name, region_type, phone_number, identity) VALUES (18, '신분당선', 'METROPOLITAN', '02-000-0000', 1077);
INSERT INTO tb_subway_line(subway_line_id, name, region_type, phone_number, identity) VALUES (20, '우이신설경전철', 'METROPOLITAN', '02-000-0000', 1092);

-- ### 제외 데이터
# INSERT INTO tb_subway_line(subway_line_id, name, region_type, phone_number, identity) VALUES (14, '김포도시철도', 'METROPOLITAN', '02-000-0000');
# INSERT INTO tb_subway_line(subway_line_id, name, region_type, phone_number, identity) VALUES (17, '신림선', 'METROPOLITAN', '02-000-0000');
# INSERT INTO tb_subway_line(subway_line_id, name, region_type, phone_number, identity) VALUES (19, '용인경전철', 'METROPOLITAN', '02-000-0000');
# INSERT INTO tb_subway_line(subway_line_id, name, region_type, phone_number, identity) VALUES (21, '의정부경전철', 'METROPOLITAN', '02-000-0000');
# INSERT INTO tb_subway_line(subway_line_id, name, region_type, phone_number, identity) VALUES (22, '인천2호선', 'METROPOLITAN', '02-000-0000');
# INSERT INTO tb_subway_line(subway_line_id, name, region_type, phone_number, identity VALUES (23, '인천선', 'METROPOLITAN', '02-000-0000');

-- ## 지하철 노선 정류장

INSERT INTO tb_station(station_id, name) VALUES (1, '상봉');
INSERT INTO tb_station(station_id, name) VALUES (2, '발산');
INSERT INTO tb_station(station_id, name) VALUES (3, '내방');
INSERT INTO tb_station(station_id, name) VALUES (4, '솔샘');
INSERT INTO tb_station(station_id, name) VALUES (5, '서초');
INSERT INTO tb_station(station_id, name) VALUES (6, '양재');
INSERT INTO tb_station(station_id, name) VALUES (7, '대곡');
INSERT INTO tb_station(station_id, name) VALUES (8, '경찰병원');
INSERT INTO tb_station(station_id, name) VALUES (9, '김량장');
INSERT INTO tb_station(station_id, name) VALUES (10, '동수');
INSERT INTO tb_station(station_id, name) VALUES (11, '뚝섬유원지');
INSERT INTO tb_station(station_id, name) VALUES (12, '남구로');
INSERT INTO tb_station(station_id, name) VALUES (13, '계산');
INSERT INTO tb_station(station_id, name) VALUES (14, '제기동');
INSERT INTO tb_station(station_id, name) VALUES (15, '충정로');
INSERT INTO tb_station(station_id, name) VALUES (16, '수색');
INSERT INTO tb_station(station_id, name) VALUES (17, '숭의');
INSERT INTO tb_station(station_id, name) VALUES (18, '한강진');
INSERT INTO tb_station(station_id, name) VALUES (19, '신정네거리');
INSERT INTO tb_station(station_id, name) VALUES (20, '용답');
INSERT INTO tb_station(station_id, name) VALUES (21, '총신대입구');
INSERT INTO tb_station(station_id, name) VALUES (22, '창신');
INSERT INTO tb_station(station_id, name) VALUES (23, '신길');
INSERT INTO tb_station(station_id, name) VALUES (24, '삼양사거리');
INSERT INTO tb_station(station_id, name) VALUES (25, '한대앞');
INSERT INTO tb_station(station_id, name) VALUES (26, '신답');
INSERT INTO tb_station(station_id, name) VALUES (27, '서부여성회관');
INSERT INTO tb_station(station_id, name) VALUES (28, '오목교');
INSERT INTO tb_station(station_id, name) VALUES (29, '서대문');
INSERT INTO tb_station(station_id, name) VALUES (30, '마들');
INSERT INTO tb_station(station_id, name) VALUES (31, '화정');
INSERT INTO tb_station(station_id, name) VALUES (32, '곡산');
INSERT INTO tb_station(station_id, name) VALUES (33, '도봉');
INSERT INTO tb_station(station_id, name) VALUES (34, '공덕');
INSERT INTO tb_station(station_id, name) VALUES (35, '신흥');
INSERT INTO tb_station(station_id, name) VALUES (36, '경기광주');
INSERT INTO tb_station(station_id, name) VALUES (37, '천호');
INSERT INTO tb_station(station_id, name) VALUES (38, '강일');
INSERT INTO tb_station(station_id, name) VALUES (39, '독바위');
INSERT INTO tb_station(station_id, name) VALUES (40, '한성대입구');
INSERT INTO tb_station(station_id, name) VALUES (41, '부천시청');
INSERT INTO tb_station(station_id, name) VALUES (42, '독립문');
INSERT INTO tb_station(station_id, name) VALUES (43, '도곡');
INSERT INTO tb_station(station_id, name) VALUES (44, '고속터미널');
INSERT INTO tb_station(station_id, name) VALUES (45, '신용산');
INSERT INTO tb_station(station_id, name) VALUES (46, '화곡');
INSERT INTO tb_station(station_id, name) VALUES (47, '남부터미널');
INSERT INTO tb_station(station_id, name) VALUES (48, '이촌');
INSERT INTO tb_station(station_id, name) VALUES (49, '시흥시청');
INSERT INTO tb_station(station_id, name) VALUES (50, '신둔도예촌');
INSERT INTO tb_station(station_id, name) VALUES (51, '태릉입구');
INSERT INTO tb_station(station_id, name) VALUES (52, '보라매공원');
INSERT INTO tb_station(station_id, name) VALUES (53, '서울대입구');
INSERT INTO tb_station(station_id, name) VALUES (54, '오이도');
INSERT INTO tb_station(station_id, name) VALUES (55, '송정');
INSERT INTO tb_station(station_id, name) VALUES (56, '배방');
INSERT INTO tb_station(station_id, name) VALUES (57, '국제업무지구');
INSERT INTO tb_station(station_id, name) VALUES (58, '여의도');
INSERT INTO tb_station(station_id, name) VALUES (59, '신목동');
INSERT INTO tb_station(station_id, name) VALUES (60, '중앙보훈병원');
INSERT INTO tb_station(station_id, name) VALUES (61, '오남');
INSERT INTO tb_station(station_id, name) VALUES (62, '능곡');
INSERT INTO tb_station(station_id, name) VALUES (63, '삼가');
INSERT INTO tb_station(station_id, name) VALUES (64, '미사');
INSERT INTO tb_station(station_id, name) VALUES (65, '장한평');
INSERT INTO tb_station(station_id, name) VALUES (66, '삼성');
INSERT INTO tb_station(station_id, name) VALUES (67, '가정중앙시장');
INSERT INTO tb_station(station_id, name) VALUES (68, '원인재');
INSERT INTO tb_station(station_id, name) VALUES (69, '예술회관');
INSERT INTO tb_station(station_id, name) VALUES (70, '삼송');
INSERT INTO tb_station(station_id, name) VALUES (71, '건대입구');
INSERT INTO tb_station(station_id, name) VALUES (72, '신정');
INSERT INTO tb_station(station_id, name) VALUES (73, '성환');
INSERT INTO tb_station(station_id, name) VALUES (74, '굽은다리');
INSERT INTO tb_station(station_id, name) VALUES (75, '선부');
INSERT INTO tb_station(station_id, name) VALUES (76, '봉천');
INSERT INTO tb_station(station_id, name) VALUES (77, '작전');
INSERT INTO tb_station(station_id, name) VALUES (78, '가락시장');
INSERT INTO tb_station(station_id, name) VALUES (79, '지행');
INSERT INTO tb_station(station_id, name) VALUES (80, '망포');
INSERT INTO tb_station(station_id, name) VALUES (81, '서동탄');
INSERT INTO tb_station(station_id, name) VALUES (82, '삼성중앙');
INSERT INTO tb_station(station_id, name) VALUES (83, '퇴계원');
INSERT INTO tb_station(station_id, name) VALUES (84, '월계');
INSERT INTO tb_station(station_id, name) VALUES (85, '평내호평');
INSERT INTO tb_station(station_id, name) VALUES (86, '문산');
INSERT INTO tb_station(station_id, name) VALUES (87, '신논현');
INSERT INTO tb_station(station_id, name) VALUES (88, '춘의');
INSERT INTO tb_station(station_id, name) VALUES (89, '구일');
INSERT INTO tb_station(station_id, name) VALUES (90, '금천구청');
INSERT INTO tb_station(station_id, name) VALUES (91, '숙대입구');
INSERT INTO tb_station(station_id, name) VALUES (92, '초월');
INSERT INTO tb_station(station_id, name) VALUES (93, '녹천');
INSERT INTO tb_station(station_id, name) VALUES (94, '구성');
INSERT INTO tb_station(station_id, name) VALUES (95, '시흥대야');
INSERT INTO tb_station(station_id, name) VALUES (96, '삼동');
INSERT INTO tb_station(station_id, name) VALUES (97, '보산');
INSERT INTO tb_station(station_id, name) VALUES (98, '대치');
INSERT INTO tb_station(station_id, name) VALUES (99, '덕계');
INSERT INTO tb_station(station_id, name) VALUES (100, '보문');
INSERT INTO tb_station(station_id, name) VALUES (101, '소새울');
INSERT INTO tb_station(station_id, name) VALUES (102, '수원');
INSERT INTO tb_station(station_id, name) VALUES (103, '발곡');
INSERT INTO tb_station(station_id, name) VALUES (104, '온양온천');
INSERT INTO tb_station(station_id, name) VALUES (105, '상수');
INSERT INTO tb_station(station_id, name) VALUES (106, '압구정');
INSERT INTO tb_station(station_id, name) VALUES (107, '개봉');
INSERT INTO tb_station(station_id, name) VALUES (108, '석남');
INSERT INTO tb_station(station_id, name) VALUES (109, '신반포');
INSERT INTO tb_station(station_id, name) VALUES (110, '개롱');
INSERT INTO tb_station(station_id, name) VALUES (111, '이수');
INSERT INTO tb_station(station_id, name) VALUES (112, '버티고개');
INSERT INTO tb_station(station_id, name) VALUES (113, '산곡');
INSERT INTO tb_station(station_id, name) VALUES (114, '왕길');
INSERT INTO tb_station(station_id, name) VALUES (115, '신림');
INSERT INTO tb_station(station_id, name) VALUES (116, '잠실나루');
INSERT INTO tb_station(station_id, name) VALUES (117, '인천가좌');
INSERT INTO tb_station(station_id, name) VALUES (118, '중동');
INSERT INTO tb_station(station_id, name) VALUES (119, '미아');
INSERT INTO tb_station(station_id, name) VALUES (120, '한남');
INSERT INTO tb_station(station_id, name) VALUES (121, '연신내');
INSERT INTO tb_station(station_id, name) VALUES (122, '신촌');
INSERT INTO tb_station(station_id, name) VALUES (123, '염창');
INSERT INTO tb_station(station_id, name) VALUES (124, '을지로3가');
INSERT INTO tb_station(station_id, name) VALUES (125, '오목천');
INSERT INTO tb_station(station_id, name) VALUES (126, '검단오류');
INSERT INTO tb_station(station_id, name) VALUES (127, '갈매');
INSERT INTO tb_station(station_id, name) VALUES (128, '당정');
INSERT INTO tb_station(station_id, name) VALUES (129, '언주');
INSERT INTO tb_station(station_id, name) VALUES (130, '용문');
INSERT INTO tb_station(station_id, name) VALUES (131, '가재울');
INSERT INTO tb_station(station_id, name) VALUES (132, '용마산');
INSERT INTO tb_station(station_id, name) VALUES (133, '길동');
INSERT INTO tb_station(station_id, name) VALUES (134, '대성리');
INSERT INTO tb_station(station_id, name) VALUES (135, '임진강');
INSERT INTO tb_station(station_id, name) VALUES (136, '여의나루');
INSERT INTO tb_station(station_id, name) VALUES (137, '인천');
INSERT INTO tb_station(station_id, name) VALUES (138, '광화문');
INSERT INTO tb_station(station_id, name) VALUES (139, '경마공원');
INSERT INTO tb_station(station_id, name) VALUES (140, '도농');
INSERT INTO tb_station(station_id, name) VALUES (141, '가정');
INSERT INTO tb_station(station_id, name) VALUES (142, '야당');
INSERT INTO tb_station(station_id, name) VALUES (143, '동백');
INSERT INTO tb_station(station_id, name) VALUES (144, '수락산');
INSERT INTO tb_station(station_id, name) VALUES (145, '귤현');
INSERT INTO tb_station(station_id, name) VALUES (146, '잠실새내');
INSERT INTO tb_station(station_id, name) VALUES (147, '시청');
INSERT INTO tb_station(station_id, name) VALUES (148, '청구');
INSERT INTO tb_station(station_id, name) VALUES (149, '명일');
INSERT INTO tb_station(station_id, name) VALUES (150, '가오리');
INSERT INTO tb_station(station_id, name) VALUES (151, '어정');
INSERT INTO tb_station(station_id, name) VALUES (152, '세마');
INSERT INTO tb_station(station_id, name) VALUES (153, '걸포북변');
INSERT INTO tb_station(station_id, name) VALUES (154, '송탄');
INSERT INTO tb_station(station_id, name) VALUES (155, '홍제');
INSERT INTO tb_station(station_id, name) VALUES (156, '암사');
INSERT INTO tb_station(station_id, name) VALUES (157, '명동');
INSERT INTO tb_station(station_id, name) VALUES (158, '광나루');
INSERT INTO tb_station(station_id, name) VALUES (159, '수유');
INSERT INTO tb_station(station_id, name) VALUES (160, '영등포구청');
INSERT INTO tb_station(station_id, name) VALUES (161, '온수');
INSERT INTO tb_station(station_id, name) VALUES (162, '야탑');
INSERT INTO tb_station(station_id, name) VALUES (163, '굴봉산');
INSERT INTO tb_station(station_id, name) VALUES (164, '미금');
INSERT INTO tb_station(station_id, name) VALUES (165, '양수');
INSERT INTO tb_station(station_id, name) VALUES (166, '의정부중앙');
INSERT INTO tb_station(station_id, name) VALUES (167, '잠실');
INSERT INTO tb_station(station_id, name) VALUES (168, '신포');
INSERT INTO tb_station(station_id, name) VALUES (169, '하계');
INSERT INTO tb_station(station_id, name) VALUES (170, '을지로4가');
INSERT INTO tb_station(station_id, name) VALUES (171, '부평시장');
INSERT INTO tb_station(station_id, name) VALUES (172, '한티');
INSERT INTO tb_station(station_id, name) VALUES (173, '군포');
INSERT INTO tb_station(station_id, name) VALUES (174, '수지구청');
INSERT INTO tb_station(station_id, name) VALUES (175, '석계');
INSERT INTO tb_station(station_id, name) VALUES (176, '디지털미디어시티');
INSERT INTO tb_station(station_id, name) VALUES (177, '백마');
INSERT INTO tb_station(station_id, name) VALUES (178, '방학');
INSERT INTO tb_station(station_id, name) VALUES (179, '지축');
INSERT INTO tb_station(station_id, name) VALUES (180, '관악산');
INSERT INTO tb_station(station_id, name) VALUES (181, '신천');
INSERT INTO tb_station(station_id, name) VALUES (182, '석천사거리');
INSERT INTO tb_station(station_id, name) VALUES (183, '논현');
INSERT INTO tb_station(station_id, name) VALUES (184, '장암');
INSERT INTO tb_station(station_id, name) VALUES (185, '서울지방병무청');
INSERT INTO tb_station(station_id, name) VALUES (186, '천마산');
INSERT INTO tb_station(station_id, name) VALUES (187, '종로5가');
INSERT INTO tb_station(station_id, name) VALUES (188, '상갈');
INSERT INTO tb_station(station_id, name) VALUES (189, '상일동');
INSERT INTO tb_station(station_id, name) VALUES (190, '둔촌동');
INSERT INTO tb_station(station_id, name) VALUES (191, '대림');
INSERT INTO tb_station(station_id, name) VALUES (192, '백운');
INSERT INTO tb_station(station_id, name) VALUES (193, '초당');
INSERT INTO tb_station(station_id, name) VALUES (194, '용산');
INSERT INTO tb_station(station_id, name) VALUES (195, '이매');
INSERT INTO tb_station(station_id, name) VALUES (196, '소사');
INSERT INTO tb_station(station_id, name) VALUES (197, '반월');
INSERT INTO tb_station(station_id, name) VALUES (198, '마곡나루');
INSERT INTO tb_station(station_id, name) VALUES (199, '노량진');
INSERT INTO tb_station(station_id, name) VALUES (200, '명학');
INSERT INTO tb_station(station_id, name) VALUES (201, '새말');
INSERT INTO tb_station(station_id, name) VALUES (202, '고진');
INSERT INTO tb_station(station_id, name) VALUES (203, '신설동');
INSERT INTO tb_station(station_id, name) VALUES (204, '양주');
INSERT INTO tb_station(station_id, name) VALUES (205, '보라매병원');
INSERT INTO tb_station(station_id, name) VALUES (206, '서울역');
INSERT INTO tb_station(station_id, name) VALUES (207, '수리산');
INSERT INTO tb_station(station_id, name) VALUES (208, '춘천');
INSERT INTO tb_station(station_id, name) VALUES (209, '정왕');
INSERT INTO tb_station(station_id, name) VALUES (210, '테크노파크');
INSERT INTO tb_station(station_id, name) VALUES (211, '영등포');
INSERT INTO tb_station(station_id, name) VALUES (212, '가평');
INSERT INTO tb_station(station_id, name) VALUES (213, '철산');
INSERT INTO tb_station(station_id, name) VALUES (214, '구룡');
INSERT INTO tb_station(station_id, name) VALUES (215, '홍대입구');
INSERT INTO tb_station(station_id, name) VALUES (216, '원덕');
INSERT INTO tb_station(station_id, name) VALUES (217, '동묘앞');
INSERT INTO tb_station(station_id, name) VALUES (218, '운연');
INSERT INTO tb_station(station_id, name) VALUES (219, '간석오거리');
INSERT INTO tb_station(station_id, name) VALUES (220, '중계');
INSERT INTO tb_station(station_id, name) VALUES (221, '오빈');
INSERT INTO tb_station(station_id, name) VALUES (222, '새절');
INSERT INTO tb_station(station_id, name) VALUES (223, '마장');
INSERT INTO tb_station(station_id, name) VALUES (224, '대야미');
INSERT INTO tb_station(station_id, name) VALUES (225, '망원');
INSERT INTO tb_station(station_id, name) VALUES (226, '파주');
INSERT INTO tb_station(station_id, name) VALUES (227, '화랑대');
INSERT INTO tb_station(station_id, name) VALUES (228, '원당');
INSERT INTO tb_station(station_id, name) VALUES (229, '보평');
INSERT INTO tb_station(station_id, name) VALUES (230, '간석');
INSERT INTO tb_station(station_id, name) VALUES (231, '동작');
INSERT INTO tb_station(station_id, name) VALUES (232, '구리');
INSERT INTO tb_station(station_id, name) VALUES (233, '왕십리');
INSERT INTO tb_station(station_id, name) VALUES (234, '죽전');
INSERT INTO tb_station(station_id, name) VALUES (235, '도봉산');
INSERT INTO tb_station(station_id, name) VALUES (236, '소요산');
INSERT INTO tb_station(station_id, name) VALUES (237, '문래');
INSERT INTO tb_station(station_id, name) VALUES (238, '원종');
INSERT INTO tb_station(station_id, name) VALUES (239, '강촌');
INSERT INTO tb_station(station_id, name) VALUES (240, '증산');
INSERT INTO tb_station(station_id, name) VALUES (241, '곤제');
INSERT INTO tb_station(station_id, name) VALUES (242, '신연수');
INSERT INTO tb_station(station_id, name) VALUES (243, '까치산');
INSERT INTO tb_station(station_id, name) VALUES (244, '신길온천');
INSERT INTO tb_station(station_id, name) VALUES (245, '사당');
INSERT INTO tb_station(station_id, name) VALUES (246, '완정');
INSERT INTO tb_station(station_id, name) VALUES (247, '탕정');
INSERT INTO tb_station(station_id, name) VALUES (248, '아현');
INSERT INTO tb_station(station_id, name) VALUES (249, '금호');
INSERT INTO tb_station(station_id, name) VALUES (250, '둔전');
INSERT INTO tb_station(station_id, name) VALUES (251, '중앙');
INSERT INTO tb_station(station_id, name) VALUES (252, '보라매');
INSERT INTO tb_station(station_id, name) VALUES (253, '공항시장');
INSERT INTO tb_station(station_id, name) VALUES (254, '동천');
INSERT INTO tb_station(station_id, name) VALUES (255, '신갈');
INSERT INTO tb_station(station_id, name) VALUES (256, '개포동');
INSERT INTO tb_station(station_id, name) VALUES (257, '종합운동장');
INSERT INTO tb_station(station_id, name) VALUES (258, '월드컵경기장');
INSERT INTO tb_station(station_id, name) VALUES (259, '녹사평');
INSERT INTO tb_station(station_id, name) VALUES (260, '송도');
INSERT INTO tb_station(station_id, name) VALUES (261, '도원');
INSERT INTO tb_station(station_id, name) VALUES (262, '상현');
INSERT INTO tb_station(station_id, name) VALUES (263, '안암');
INSERT INTO tb_station(station_id, name) VALUES (264, '마석');
INSERT INTO tb_station(station_id, name) VALUES (265, '마두');
INSERT INTO tb_station(station_id, name) VALUES (266, '가양');
INSERT INTO tb_station(station_id, name) VALUES (267, '신현');
INSERT INTO tb_station(station_id, name) VALUES (268, '지석');
INSERT INTO tb_station(station_id, name) VALUES (269, '갈산');
INSERT INTO tb_station(station_id, name) VALUES (270, '동대문역사문화공원');
INSERT INTO tb_station(station_id, name) VALUES (271, '하남풍산');
INSERT INTO tb_station(station_id, name) VALUES (272, '세종대왕릉');
INSERT INTO tb_station(station_id, name) VALUES (273, '수내');
INSERT INTO tb_station(station_id, name) VALUES (274, '남춘천');
INSERT INTO tb_station(station_id, name) VALUES (275, '마천');
INSERT INTO tb_station(station_id, name) VALUES (276, '효창공원앞');
INSERT INTO tb_station(station_id, name) VALUES (277, '학동');
INSERT INTO tb_station(station_id, name) VALUES (278, '월곶');
INSERT INTO tb_station(station_id, name) VALUES (279, '솔밭공원');
INSERT INTO tb_station(station_id, name) VALUES (280, '부천종합운동장');
INSERT INTO tb_station(station_id, name) VALUES (281, '먹골');
INSERT INTO tb_station(station_id, name) VALUES (282, '정부과천청사');
INSERT INTO tb_station(station_id, name) VALUES (283, '미아사거리');
INSERT INTO tb_station(station_id, name) VALUES (284, '강남대');
INSERT INTO tb_station(station_id, name) VALUES (285, '성균관대');
INSERT INTO tb_station(station_id, name) VALUES (286, '4·19민주묘지');
INSERT INTO tb_station(station_id, name) VALUES (287, '태평');
INSERT INTO tb_station(station_id, name) VALUES (288, '진위');
INSERT INTO tb_station(station_id, name) VALUES (289, '등촌');
INSERT INTO tb_station(station_id, name) VALUES (290, '사리');
INSERT INTO tb_station(station_id, name) VALUES (291, '마포구청');
INSERT INTO tb_station(station_id, name) VALUES (292, '운서');
INSERT INTO tb_station(station_id, name) VALUES (293, '송파나루');
INSERT INTO tb_station(station_id, name) VALUES (294, '오류동');
INSERT INTO tb_station(station_id, name) VALUES (295, '일원');
INSERT INTO tb_station(station_id, name) VALUES (296, '시우');
INSERT INTO tb_station(station_id, name) VALUES (297, '동춘');
INSERT INTO tb_station(station_id, name) VALUES (298, '석촌');
INSERT INTO tb_station(station_id, name) VALUES (299, '길음');
INSERT INTO tb_station(station_id, name) VALUES (300, '흥선');
INSERT INTO tb_station(station_id, name) VALUES (301, '송파');
INSERT INTO tb_station(station_id, name) VALUES (302, '신도림');
INSERT INTO tb_station(station_id, name) VALUES (303, '월곡');
INSERT INTO tb_station(station_id, name) VALUES (304, '한양대');
INSERT INTO tb_station(station_id, name) VALUES (305, '불광');
INSERT INTO tb_station(station_id, name) VALUES (306, '고덕');
INSERT INTO tb_station(station_id, name) VALUES (307, '망우');
INSERT INTO tb_station(station_id, name) VALUES (308, '몽촌토성');
INSERT INTO tb_station(station_id, name) VALUES (309, '수서');
INSERT INTO tb_station(station_id, name) VALUES (310, '증미');
INSERT INTO tb_station(station_id, name) VALUES (311, '별내별가람');
INSERT INTO tb_station(station_id, name) VALUES (312, '고잔');
INSERT INTO tb_station(station_id, name) VALUES (313, '화전');
INSERT INTO tb_station(station_id, name) VALUES (314, '방배');
INSERT INTO tb_station(station_id, name) VALUES (315, '양촌');
INSERT INTO tb_station(station_id, name) VALUES (316, '강동구청');
INSERT INTO tb_station(station_id, name) VALUES (317, '한성백제');
INSERT INTO tb_station(station_id, name) VALUES (318, '이태원');
INSERT INTO tb_station(station_id, name) VALUES (319, '도림천');
INSERT INTO tb_station(station_id, name) VALUES (320, '서현');
INSERT INTO tb_station(station_id, name) VALUES (321, '청평');
INSERT INTO tb_station(station_id, name) VALUES (322, '평택');
INSERT INTO tb_station(station_id, name) VALUES (323, '봉화산');
INSERT INTO tb_station(station_id, name) VALUES (324, '공릉');
INSERT INTO tb_station(station_id, name) VALUES (325, '인하대');
INSERT INTO tb_station(station_id, name) VALUES (326, '달월');
INSERT INTO tb_station(station_id, name) VALUES (327, '영통');
INSERT INTO tb_station(station_id, name) VALUES (328, '선바위');
INSERT INTO tb_station(station_id, name) VALUES (329, '범계');
INSERT INTO tb_station(station_id, name) VALUES (330, '용두');
INSERT INTO tb_station(station_id, name) VALUES (331, '목동');
INSERT INTO tb_station(station_id, name) VALUES (332, '아신');
INSERT INTO tb_station(station_id, name) VALUES (333, '주안국가산단');
INSERT INTO tb_station(station_id, name) VALUES (334, '과천');
INSERT INTO tb_station(station_id, name) VALUES (335, '운길산');
INSERT INTO tb_station(station_id, name) VALUES (336, '산본');
INSERT INTO tb_station(station_id, name) VALUES (337, '샛강');
INSERT INTO tb_station(station_id, name) VALUES (338, '하남검단산');
INSERT INTO tb_station(station_id, name) VALUES (339, '강남구청');
INSERT INTO tb_station(station_id, name) VALUES (340, '양재시민의숲');
INSERT INTO tb_station(station_id, name) VALUES (341, '운천');
INSERT INTO tb_station(station_id, name) VALUES (342, '원시');
INSERT INTO tb_station(station_id, name) VALUES (343, '어룡');
INSERT INTO tb_station(station_id, name) VALUES (344, '학여울');
INSERT INTO tb_station(station_id, name) VALUES (345, '고려대');
INSERT INTO tb_station(station_id, name) VALUES (346, '문정');
INSERT INTO tb_station(station_id, name) VALUES (347, '경전철의정부');
INSERT INTO tb_station(station_id, name) VALUES (348, '인덕원');
INSERT INTO tb_station(station_id, name) VALUES (349, '국수');
INSERT INTO tb_station(station_id, name) VALUES (350, '구래');
INSERT INTO tb_station(station_id, name) VALUES (351, '의정부시청');
INSERT INTO tb_station(station_id, name) VALUES (352, '신대방');
INSERT INTO tb_station(station_id, name) VALUES (353, '광명사거리');
INSERT INTO tb_station(station_id, name) VALUES (354, '아차산');
INSERT INTO tb_station(station_id, name) VALUES (355, '양원');
INSERT INTO tb_station(station_id, name) VALUES (356, '전대.에버랜드');
INSERT INTO tb_station(station_id, name) VALUES (357, '북한산보국문');
INSERT INTO tb_station(station_id, name) VALUES (358, '당산');
INSERT INTO tb_station(station_id, name) VALUES (359, '금릉');
INSERT INTO tb_station(station_id, name) VALUES (360, '상월곡');
INSERT INTO tb_station(station_id, name) VALUES (361, '장지');
INSERT INTO tb_station(station_id, name) VALUES (362, '모래내시장');
INSERT INTO tb_station(station_id, name) VALUES (363, '까치울');
INSERT INTO tb_station(station_id, name) VALUES (364, '정자');
INSERT INTO tb_station(station_id, name) VALUES (365, '석바위시장');
INSERT INTO tb_station(station_id, name) VALUES (366, '검암');
INSERT INTO tb_station(station_id, name) VALUES (367, '김포공항');
INSERT INTO tb_station(station_id, name) VALUES (368, '역곡');
INSERT INTO tb_station(station_id, name) VALUES (369, '금촌');
INSERT INTO tb_station(station_id, name) VALUES (370, '경기도청북부청사');
INSERT INTO tb_station(station_id, name) VALUES (371, '면목');
INSERT INTO tb_station(station_id, name) VALUES (372, '석수');
INSERT INTO tb_station(station_id, name) VALUES (373, '지평');
INSERT INTO tb_station(station_id, name) VALUES (374, '독산');
INSERT INTO tb_station(station_id, name) VALUES (375, '주안');
INSERT INTO tb_station(station_id, name) VALUES (376, '별내');
INSERT INTO tb_station(station_id, name) VALUES (377, '공항화물청사');
INSERT INTO tb_station(station_id, name) VALUES (378, '가산디지털단지');
INSERT INTO tb_station(station_id, name) VALUES (379, '수원시청');
INSERT INTO tb_station(station_id, name) VALUES (380, '천안');
INSERT INTO tb_station(station_id, name) VALUES (381, '천왕');
INSERT INTO tb_station(station_id, name) VALUES (382, '직산');
INSERT INTO tb_station(station_id, name) VALUES (383, '의정부');
INSERT INTO tb_station(station_id, name) VALUES (384, '대방');
INSERT INTO tb_station(station_id, name) VALUES (385, '마포');
INSERT INTO tb_station(station_id, name) VALUES (386, '신방화');
INSERT INTO tb_station(station_id, name) VALUES (387, '방이');
INSERT INTO tb_station(station_id, name) VALUES (388, '부평구청');
INSERT INTO tb_station(station_id, name) VALUES (389, '정릉');
INSERT INTO tb_station(station_id, name) VALUES (390, '금정');
INSERT INTO tb_station(station_id, name) VALUES (391, '부평삼거리');
INSERT INTO tb_station(station_id, name) VALUES (392, '산성');
INSERT INTO tb_station(station_id, name) VALUES (393, '화계');
INSERT INTO tb_station(station_id, name) VALUES (394, '애오개');
INSERT INTO tb_station(station_id, name) VALUES (395, '방화');
INSERT INTO tb_station(station_id, name) VALUES (396, '남성');
INSERT INTO tb_station(station_id, name) VALUES (397, '안국');
INSERT INTO tb_station(station_id, name) VALUES (398, '대화');
INSERT INTO tb_station(station_id, name) VALUES (399, '외대앞');
INSERT INTO tb_station(station_id, name) VALUES (400, '청라국제도시');
INSERT INTO tb_station(station_id, name) VALUES (401, '양평');
INSERT INTO tb_station(station_id, name) VALUES (402, '강매');
INSERT INTO tb_station(station_id, name) VALUES (403, '초지');
INSERT INTO tb_station(station_id, name) VALUES (404, '가능');
INSERT INTO tb_station(station_id, name) VALUES (405, '창동');
INSERT INTO tb_station(station_id, name) VALUES (406, '강남');
INSERT INTO tb_station(station_id, name) VALUES (407, '청량리');
INSERT INTO tb_station(station_id, name) VALUES (408, '임학');
INSERT INTO tb_station(station_id, name) VALUES (409, '관악');
INSERT INTO tb_station(station_id, name) VALUES (410, '구로');
INSERT INTO tb_station(station_id, name) VALUES (411, '어린이대공원');
INSERT INTO tb_station(station_id, name) VALUES (412, '수진');
INSERT INTO tb_station(station_id, name) VALUES (413, '중곡');
INSERT INTO tb_station(station_id, name) VALUES (414, '아산');
INSERT INTO tb_station(station_id, name) VALUES (415, '잠원');
INSERT INTO tb_station(station_id, name) VALUES (416, '대모산입구');
INSERT INTO tb_station(station_id, name) VALUES (417, '상계');
INSERT INTO tb_station(station_id, name) VALUES (418, '송내');
INSERT INTO tb_station(station_id, name) VALUES (419, '중랑');
INSERT INTO tb_station(station_id, name) VALUES (420, '둔촌오륜');
INSERT INTO tb_station(station_id, name) VALUES (421, '동대입구');
INSERT INTO tb_station(station_id, name) VALUES (422, '명지대');
INSERT INTO tb_station(station_id, name) VALUES (423, '청명');
INSERT INTO tb_station(station_id, name) VALUES (424, '충무로');
INSERT INTO tb_station(station_id, name) VALUES (425, '상동');
INSERT INTO tb_station(station_id, name) VALUES (426, '송산');
INSERT INTO tb_station(station_id, name) VALUES (427, '마전');
INSERT INTO tb_station(station_id, name) VALUES (428, '매봉');
INSERT INTO tb_station(station_id, name) VALUES (429, '서울대벤처타운');
INSERT INTO tb_station(station_id, name) VALUES (430, '탑석');
INSERT INTO tb_station(station_id, name) VALUES (431, '인천대공원');
INSERT INTO tb_station(station_id, name) VALUES (432, '고색');
INSERT INTO tb_station(station_id, name) VALUES (433, '낙성대');
INSERT INTO tb_station(station_id, name) VALUES (434, '풍무');
INSERT INTO tb_station(station_id, name) VALUES (435, '효자');
INSERT INTO tb_station(station_id, name) VALUES (436, '광운대');
INSERT INTO tb_station(station_id, name) VALUES (437, '반포');
INSERT INTO tb_station(station_id, name) VALUES (438, '남동인더스파크');
INSERT INTO tb_station(station_id, name) VALUES (439, '봉명');
INSERT INTO tb_station(station_id, name) VALUES (440, '시청.용인대');
INSERT INTO tb_station(station_id, name) VALUES (441, '선유도');
INSERT INTO tb_station(station_id, name) VALUES (442, '상천');
INSERT INTO tb_station(station_id, name) VALUES (443, '합정');
INSERT INTO tb_station(station_id, name) VALUES (444, '안양');
INSERT INTO tb_station(station_id, name) VALUES (445, '무악재');
INSERT INTO tb_station(station_id, name) VALUES (446, '개화');
INSERT INTO tb_station(station_id, name) VALUES (447, '광교');
INSERT INTO tb_station(station_id, name) VALUES (448, '마산');
INSERT INTO tb_station(station_id, name) VALUES (449, '구반포');
INSERT INTO tb_station(station_id, name) VALUES (450, '을지로입구');
INSERT INTO tb_station(station_id, name) VALUES (451, '군자');
INSERT INTO tb_station(station_id, name) VALUES (452, '백양리');
INSERT INTO tb_station(station_id, name) VALUES (453, '송도달빛축제공원');
INSERT INTO tb_station(station_id, name) VALUES (454, '혜화');
INSERT INTO tb_station(station_id, name) VALUES (455, '시흥능곡');
INSERT INTO tb_station(station_id, name) VALUES (456, '김유정');
INSERT INTO tb_station(station_id, name) VALUES (457, '경인교대입구');
INSERT INTO tb_station(station_id, name) VALUES (458, '단대오거리');
INSERT INTO tb_station(station_id, name) VALUES (459, '인천터미널');
INSERT INTO tb_station(station_id, name) VALUES (460, '남태령');
INSERT INTO tb_station(station_id, name) VALUES (461, '곤지암');
INSERT INTO tb_station(station_id, name) VALUES (462, '화서');
INSERT INTO tb_station(station_id, name) VALUES (463, '의왕');
INSERT INTO tb_station(station_id, name) VALUES (464, '구파발');
INSERT INTO tb_station(station_id, name) VALUES (465, '달미');
INSERT INTO tb_station(station_id, name) VALUES (466, '쌍문');
INSERT INTO tb_station(station_id, name) VALUES (467, '석촌고분');
INSERT INTO tb_station(station_id, name) VALUES (468, '판교');
INSERT INTO tb_station(station_id, name) VALUES (469, '검단사거리');
INSERT INTO tb_station(station_id, name) VALUES (470, '독정');
INSERT INTO tb_station(station_id, name) VALUES (471, '신원');
INSERT INTO tb_station(station_id, name) VALUES (472, '영등포시장');
INSERT INTO tb_station(station_id, name) VALUES (473, '성복');
INSERT INTO tb_station(station_id, name) VALUES (474, '진접');
INSERT INTO tb_station(station_id, name) VALUES (475, '센트럴파크');
INSERT INTO tb_station(station_id, name) VALUES (476, '세류');
INSERT INTO tb_station(station_id, name) VALUES (477, '개화산');
INSERT INTO tb_station(station_id, name) VALUES (478, '장승배기');
INSERT INTO tb_station(station_id, name) VALUES (479, '부평');
INSERT INTO tb_station(station_id, name) VALUES (480, '종로3가');
INSERT INTO tb_station(station_id, name) VALUES (481, '국회의사당');
INSERT INTO tb_station(station_id, name) VALUES (482, '신내');
INSERT INTO tb_station(station_id, name) VALUES (483, '회룡');
INSERT INTO tb_station(station_id, name) VALUES (484, '팔당');
INSERT INTO tb_station(station_id, name) VALUES (485, '종각');
INSERT INTO tb_station(station_id, name) VALUES (486, '응암');
INSERT INTO tb_station(station_id, name) VALUES (487, '행신');
INSERT INTO tb_station(station_id, name) VALUES (488, '어천');
INSERT INTO tb_station(station_id, name) VALUES (489, '하남시청');
INSERT INTO tb_station(station_id, name) VALUES (490, '원흥');
INSERT INTO tb_station(station_id, name) VALUES (491, '사릉');
INSERT INTO tb_station(station_id, name) VALUES (492, '풍산');
INSERT INTO tb_station(station_id, name) VALUES (493, '월롱');
INSERT INTO tb_station(station_id, name) VALUES (494, '이대');
INSERT INTO tb_station(station_id, name) VALUES (495, '동두천중앙');
INSERT INTO tb_station(station_id, name) VALUES (496, '오산대');
INSERT INTO tb_station(station_id, name) VALUES (497, '고촌');
INSERT INTO tb_station(station_id, name) VALUES (498, '돌곶이');
INSERT INTO tb_station(station_id, name) VALUES (499, '뚝섬');
INSERT INTO tb_station(station_id, name) VALUES (500, '안산');
INSERT INTO tb_station(station_id, name) VALUES (501, '서구청');
INSERT INTO tb_station(station_id, name) VALUES (502, '병점');
INSERT INTO tb_station(station_id, name) VALUES (503, '상왕십리');
INSERT INTO tb_station(station_id, name) VALUES (504, '정발산');
INSERT INTO tb_station(station_id, name) VALUES (505, '동두천');
INSERT INTO tb_station(station_id, name) VALUES (506, '소래포구');
INSERT INTO tb_station(station_id, name) VALUES (507, '행당');
INSERT INTO tb_station(station_id, name) VALUES (508, '마곡');
INSERT INTO tb_station(station_id, name) VALUES (509, '제물포');
INSERT INTO tb_station(station_id, name) VALUES (510, '시민공원');
INSERT INTO tb_station(station_id, name) VALUES (511, '기흥');
INSERT INTO tb_station(station_id, name) VALUES (512, '문학경기장');
INSERT INTO tb_station(station_id, name) VALUES (513, '오금');
INSERT INTO tb_station(station_id, name) VALUES (514, '서울숲');
INSERT INTO tb_station(station_id, name) VALUES (515, '대흥');
INSERT INTO tb_station(station_id, name) VALUES (516, '광명');
INSERT INTO tb_station(station_id, name) VALUES (517, '압구정로데오');
INSERT INTO tb_station(station_id, name) VALUES (518, '광흥창');
INSERT INTO tb_station(station_id, name) VALUES (519, '구로디지털단지');
INSERT INTO tb_station(station_id, name) VALUES (520, '인천논현');
INSERT INTO tb_station(station_id, name) VALUES (521, '흑석');
INSERT INTO tb_station(station_id, name) VALUES (522, '구의');
INSERT INTO tb_station(station_id, name) VALUES (523, '오리');
INSERT INTO tb_station(station_id, name) VALUES (524, '신풍');
INSERT INTO tb_station(station_id, name) VALUES (525, '녹양');
INSERT INTO tb_station(station_id, name) VALUES (526, '신대방삼거리');
INSERT INTO tb_station(station_id, name) VALUES (527, '신사');
INSERT INTO tb_station(station_id, name) VALUES (528, '박촌');
INSERT INTO tb_station(station_id, name) VALUES (529, '탄현');
INSERT INTO tb_station(station_id, name) VALUES (530, '도심');
INSERT INTO tb_station(station_id, name) VALUES (531, '백석');
INSERT INTO tb_station(station_id, name) VALUES (532, '이천');
INSERT INTO tb_station(station_id, name) VALUES (533, '평택지제');
INSERT INTO tb_station(station_id, name) VALUES (534, '삼양');
INSERT INTO tb_station(station_id, name) VALUES (535, '올림픽공원');
INSERT INTO tb_station(station_id, name) VALUES (536, '동인천');
INSERT INTO tb_station(station_id, name) VALUES (537, '장기');
INSERT INTO tb_station(station_id, name) VALUES (538, '서정리');
INSERT INTO tb_station(station_id, name) VALUES (539, '대공원');
INSERT INTO tb_station(station_id, name) VALUES (540, '경복궁');
INSERT INTO tb_station(station_id, name) VALUES (541, '거여');
INSERT INTO tb_station(station_id, name) VALUES (542, '두정');
INSERT INTO tb_station(station_id, name) VALUES (543, '범골');
INSERT INTO tb_station(station_id, name) VALUES (544, '서원');
INSERT INTO tb_station(station_id, name) VALUES (545, '양천구청');
INSERT INTO tb_station(station_id, name) VALUES (546, '강변');
INSERT INTO tb_station(station_id, name) VALUES (547, '당곡');
INSERT INTO tb_station(station_id, name) VALUES (548, '봉은사');
INSERT INTO tb_station(station_id, name) VALUES (549, '부개');
INSERT INTO tb_station(station_id, name) VALUES (550, '사가정');
INSERT INTO tb_station(station_id, name) VALUES (551, '주엽');
INSERT INTO tb_station(station_id, name) VALUES (552, '남동구청');
INSERT INTO tb_station(station_id, name) VALUES (553, '역촌');
INSERT INTO tb_station(station_id, name) VALUES (554, '답십리');
INSERT INTO tb_station(station_id, name) VALUES (555, '신당');
INSERT INTO tb_station(station_id, name) VALUES (556, '남위례');
INSERT INTO tb_station(station_id, name) VALUES (557, '금곡');
INSERT INTO tb_station(station_id, name) VALUES (558, '동대문');
INSERT INTO tb_station(station_id, name) VALUES (559, '야목');
INSERT INTO tb_station(station_id, name) VALUES (560, '삼각지');
INSERT INTO tb_station(station_id, name) VALUES (561, '회현');
INSERT INTO tb_station(station_id, name) VALUES (562, '동막');
INSERT INTO tb_station(station_id, name) VALUES (563, '운정');
INSERT INTO tb_station(station_id, name) VALUES (564, '당고개');
INSERT INTO tb_station(station_id, name) VALUES (565, '구산');
INSERT INTO tb_station(station_id, name) VALUES (566, '일산');
INSERT INTO tb_station(station_id, name) VALUES (567, '삼전');
INSERT INTO tb_station(station_id, name) VALUES (568, '인천공항1터미널');
INSERT INTO tb_station(station_id, name) VALUES (569, '서빙고');
INSERT INTO tb_station(station_id, name) VALUES (570, '대청');
INSERT INTO tb_station(station_id, name) VALUES (571, '검바위');
INSERT INTO tb_station(station_id, name) VALUES (572, '굴포천');
INSERT INTO tb_station(station_id, name) VALUES (573, '여주');
INSERT INTO tb_station(station_id, name) VALUES (574, '약수');
INSERT INTO tb_station(station_id, name) VALUES (575, '우장산');
INSERT INTO tb_station(station_id, name) VALUES (576, '복정');
INSERT INTO tb_station(station_id, name) VALUES (577, '연수');
INSERT INTO tb_station(station_id, name) VALUES (578, '녹번');
INSERT INTO tb_station(station_id, name) VALUES (579, '아시아드경기장');
INSERT INTO tb_station(station_id, name) VALUES (580, '선학');
INSERT INTO tb_station(station_id, name) VALUES (581, '삼산체육관');
INSERT INTO tb_station(station_id, name) VALUES (582, '도화');
INSERT INTO tb_station(station_id, name) VALUES (583, '오산');
INSERT INTO tb_station(station_id, name) VALUES (584, '영종');
INSERT INTO tb_station(station_id, name) VALUES (585, '사평');
INSERT INTO tb_station(station_id, name) VALUES (586, '광교중앙');
INSERT INTO tb_station(station_id, name) VALUES (587, '신이문');
INSERT INTO tb_station(station_id, name) VALUES (588, '덕소');
INSERT INTO tb_station(station_id, name) VALUES (589, '선릉');
INSERT INTO tb_station(station_id, name) VALUES (590, '운동장.송담대');
INSERT INTO tb_station(station_id, name) VALUES (591, '노원');
INSERT INTO tb_station(station_id, name) VALUES (592, '호구포');
INSERT INTO tb_station(station_id, name) VALUES (593, '인천시청');
INSERT INTO tb_station(station_id, name) VALUES (594, '계양');
INSERT INTO tb_station(station_id, name) VALUES (595, '매탄권선');
INSERT INTO tb_station(station_id, name) VALUES (596, '부발');
INSERT INTO tb_station(station_id, name) VALUES (597, '청담');
INSERT INTO tb_station(station_id, name) VALUES (598, '양정');
INSERT INTO tb_station(station_id, name) VALUES (599, '성신여대입구');
INSERT INTO tb_station(station_id, name) VALUES (600, '선정릉');
INSERT INTO tb_station(station_id, name) VALUES (601, '인천대입구');
INSERT INTO tb_station(station_id, name) VALUES (602, '노들');
INSERT INTO tb_station(station_id, name) VALUES (603, '만수');
INSERT INTO tb_station(station_id, name) VALUES (604, '청계산입구');
INSERT INTO tb_station(station_id, name) VALUES (605, '북한산우이');
INSERT INTO tb_station(station_id, name) VALUES (606, '쌍용');
INSERT INTO tb_station(station_id, name) VALUES (607, '교대');
INSERT INTO tb_station(station_id, name) VALUES (608, '운양');
INSERT INTO tb_station(station_id, name) VALUES (609, '성수');
INSERT INTO tb_station(station_id, name) VALUES (610, '남영');
INSERT INTO tb_station(station_id, name) VALUES (611, '응봉');
INSERT INTO tb_station(station_id, name) VALUES (612, '모란');
INSERT INTO tb_station(station_id, name) VALUES (613, '남한산성입구');
INSERT INTO tb_station(station_id, name) VALUES (614, '사우');
INSERT INTO tb_station(station_id, name) VALUES (615, '서강대');
INSERT INTO tb_station(station_id, name) VALUES (616, '동오');
INSERT INTO tb_station(station_id, name) VALUES (617, '가좌');
INSERT INTO tb_station(station_id, name) VALUES (618, '지식정보단지');
INSERT INTO tb_station(station_id, name) VALUES (619, '중화');
INSERT INTO tb_station(station_id, name) VALUES (620, '보정');
INSERT INTO tb_station(station_id, name) VALUES (621, '망월사');
INSERT INTO tb_station(station_id, name) VALUES (622, '신창');
INSERT INTO tb_station(station_id, name) VALUES (623, '부천');
INSERT INTO tb_station(station_id, name) VALUES (624, '숭실대입구');
INSERT INTO tb_station(station_id, name) VALUES (625, '캠퍼스타운');
INSERT INTO tb_station(station_id, name) VALUES (626, '덕정');
INSERT INTO tb_station(station_id, name) VALUES (627, '동암');
INSERT INTO tb_station(station_id, name) VALUES (628, '강동');
INSERT INTO tb_station(station_id, name) VALUES (629, '신금호');
INSERT INTO tb_station(station_id, name) VALUES (630, '양천향교');
INSERT INTO tb_station(station_id, name) VALUES (631, '옥수');
INSERT INTO tb_station(station_id, name) VALUES (632, '신중동');
INSERT INTO tb_station(station_id, name) VALUES (633, '회기');
INSERT INTO tb_station(station_id, name) VALUES (634, '역삼');
INSERT INTO tb_station(station_id, name) VALUES (635, '매교');
INSERT INTO tb_station(station_id, name) VALUES (636, '평촌');
INSERT INTO tb_station(station_id, name) VALUES (637, '가천대');
INSERT INTO tb_station(station_id, name) VALUES (638, '상도');
INSERT INTO tb_station(station_id, name) VALUES (639, '상록수');
INSERT INTO tb_station(station_id, name) VALUES (640, '인천공항2터미널');

-- ## 지하철 노선 - 정류장 연관 정보

INSERT INTO tb_subway_line_station(subway_line_id, station_id) VALUES(1, 95);
INSERT INTO tb_subway_line_station(subway_line_id, station_id) VALUES(1, 438);
INSERT INTO tb_subway_line_station(subway_line_id, station_id) VALUES(1, 517);
INSERT INTO tb_subway_line_station(subway_line_id, station_id) VALUES(1, 141);
INSERT INTO tb_subway_line_station(subway_line_id, station_id) VALUES(1, 142);
INSERT INTO tb_subway_line_station(subway_line_id, station_id) VALUES(1, 343);
INSERT INTO tb_subway_line_station(subway_line_id, station_id) VALUES(1, 420);
INSERT INTO tb_subway_line_station(subway_line_id, station_id) VALUES(1, 426);
INSERT INTO tb_subway_line_station(subway_line_id, station_id) VALUES(1, 458);
INSERT INTO tb_subway_line_station(subway_line_id, station_id) VALUES(1, 567);
INSERT INTO tb_subway_line_station(subway_line_id, station_id) VALUES(1, 129);
INSERT INTO tb_subway_line_station(subway_line_id, station_id) VALUES(1, 271);
INSERT INTO tb_subway_line_station(subway_line_id, station_id) VALUES(1, 227);
INSERT INTO tb_subway_line_station(subway_line_id, station_id) VALUES(1, 247);
INSERT INTO tb_subway_line_station(subway_line_id, station_id) VALUES(1, 200);
INSERT INTO tb_subway_line_station(subway_line_id, station_id) VALUES(1, 325);
INSERT INTO tb_subway_line_station(subway_line_id, station_id) VALUES(1, 347);
INSERT INTO tb_subway_line_station(subway_line_id, station_id) VALUES(1, 86);
INSERT INTO tb_subway_line_station(subway_line_id, station_id) VALUES(1, 291);
INSERT INTO tb_subway_line_station(subway_line_id, station_id) VALUES(1, 205);
INSERT INTO tb_subway_line_station(subway_line_id, station_id) VALUES(1, 400);
INSERT INTO tb_subway_line_station(subway_line_id, station_id) VALUES(1, 163);
INSERT INTO tb_subway_line_station(subway_line_id, station_id) VALUES(1, 457);
INSERT INTO tb_subway_line_station(subway_line_id, station_id) VALUES(1, 422);
INSERT INTO tb_subway_line_station(subway_line_id, station_id) VALUES(1, 526);
INSERT INTO tb_subway_line_station(subway_line_id, station_id) VALUES(1, 256);
INSERT INTO tb_subway_line_station(subway_line_id, station_id) VALUES(1, 557);
INSERT INTO tb_subway_line_station(subway_line_id, station_id) VALUES(1, 312);
INSERT INTO tb_subway_line_station(subway_line_id, station_id) VALUES(1, 534);
INSERT INTO tb_subway_line_station(subway_line_id, station_id) VALUES(1, 389);
INSERT INTO tb_subway_line_station(subway_line_id, station_id) VALUES(1, 408);
INSERT INTO tb_subway_line_station(subway_line_id, station_id) VALUES(1, 50);
INSERT INTO tb_subway_line_station(subway_line_id, station_id) VALUES(1, 610);
INSERT INTO tb_subway_line_station(subway_line_id, station_id) VALUES(1, 588);
INSERT INTO tb_subway_line_station(subway_line_id, station_id) VALUES(1, 490);
INSERT INTO tb_subway_line_station(subway_line_id, station_id) VALUES(1, 99);
INSERT INTO tb_subway_line_station(subway_line_id, station_id) VALUES(1, 211);
INSERT INTO tb_subway_line_station(subway_line_id, station_id) VALUES(1, 475);
INSERT INTO tb_subway_line_station(subway_line_id, station_id) VALUES(1, 596);
INSERT INTO tb_subway_line_station(subway_line_id, station_id) VALUES(1, 609);
INSERT INTO tb_subway_line_station(subway_line_id, station_id) VALUES(1, 45);
INSERT INTO tb_subway_line_station(subway_line_id, station_id) VALUES(1, 629);
INSERT INTO tb_subway_line_station(subway_line_id, station_id) VALUES(1, 579);
INSERT INTO tb_subway_line_station(subway_line_id, station_id) VALUES(1, 617);
INSERT INTO tb_subway_line_station(subway_line_id, station_id) VALUES(1, 93);
INSERT INTO tb_subway_line_station(subway_line_id, station_id) VALUES(1, 112);
INSERT INTO tb_subway_line_station(subway_line_id, station_id) VALUES(1, 533);
INSERT INTO tb_subway_line_station(subway_line_id, station_id) VALUES(1, 560);
INSERT INTO tb_subway_line_station(subway_line_id, station_id) VALUES(1, 393);
INSERT INTO tb_subway_line_station(subway_line_id, station_id) VALUES(1, 527);
INSERT INTO tb_subway_line_station(subway_line_id, station_id) VALUES(1, 346);
INSERT INTO tb_subway_line_station(subway_line_id, station_id) VALUES(1, 520);
INSERT INTO tb_subway_line_station(subway_line_id, station_id) VALUES(1, 523);
INSERT INTO tb_subway_line_station(subway_line_id, station_id) VALUES(1, 494);
INSERT INTO tb_subway_line_station(subway_line_id, station_id) VALUES(1, 238);
INSERT INTO tb_subway_line_station(subway_line_id, station_id) VALUES(1, 263);
INSERT INTO tb_subway_line_station(subway_line_id, station_id) VALUES(1, 120);
INSERT INTO tb_subway_line_station(subway_line_id, station_id) VALUES(1, 484);
INSERT INTO tb_subway_line_station(subway_line_id, station_id) VALUES(1, 570);
INSERT INTO tb_subway_line_station(subway_line_id, station_id) VALUES(1, 427);
INSERT INTO tb_subway_line_station(subway_line_id, station_id) VALUES(1, 308);
INSERT INTO tb_subway_line_station(subway_line_id, station_id) VALUES(1, 296);
INSERT INTO tb_subway_line_station(subway_line_id, station_id) VALUES(1, 323);
INSERT INTO tb_subway_line_station(subway_line_id, station_id) VALUES(1, 161);
INSERT INTO tb_subway_line_station(subway_line_id, station_id) VALUES(1, 632);
INSERT INTO tb_subway_line_station(subway_line_id, station_id) VALUES(1, 447);
INSERT INTO tb_subway_line_station(subway_line_id, station_id) VALUES(1, 631);
INSERT INTO tb_subway_line_station(subway_line_id, station_id) VALUES(1, 212);
INSERT INTO tb_subway_line_station(subway_line_id, station_id) VALUES(1, 390);
INSERT INTO tb_subway_line_station(subway_line_id, station_id) VALUES(1, 474);
INSERT INTO tb_subway_line_station(subway_line_id, station_id) VALUES(1, 121);
INSERT INTO tb_subway_line_station(subway_line_id, station_id) VALUES(1, 69);
INSERT INTO tb_subway_line_station(subway_line_id, station_id) VALUES(1, 553);
INSERT INTO tb_subway_line_station(subway_line_id, station_id) VALUES(1, 175);
INSERT INTO tb_subway_line_station(subway_line_id, station_id) VALUES(1, 425);
INSERT INTO tb_subway_line_station(subway_line_id, station_id) VALUES(1, 269);
INSERT INTO tb_subway_line_station(subway_line_id, station_id) VALUES(1, 356);
INSERT INTO tb_subway_line_station(subway_line_id, station_id) VALUES(1, 60);
INSERT INTO tb_subway_line_station(subway_line_id, station_id) VALUES(1, 357);
INSERT INTO tb_subway_line_station(subway_line_id, station_id) VALUES(1, 52);
INSERT INTO tb_subway_line_station(subway_line_id, station_id) VALUES(1, 262);
INSERT INTO tb_subway_line_station(subway_line_id, station_id) VALUES(1, 397);
INSERT INTO tb_subway_line_station(subway_line_id, station_id) VALUES(1, 522);
INSERT INTO tb_subway_line_station(subway_line_id, station_id) VALUES(1, 327);
INSERT INTO tb_subway_line_station(subway_line_id, station_id) VALUES(1, 508);
INSERT INTO tb_subway_line_station(subway_line_id, station_id) VALUES(1, 377);
INSERT INTO tb_subway_line_station(subway_line_id, station_id) VALUES(1, 597);
INSERT INTO tb_subway_line_station(subway_line_id, station_id) VALUES(1, 488);
INSERT INTO tb_subway_line_station(subway_line_id, station_id) VALUES(1, 519);
INSERT INTO tb_subway_line_station(subway_line_id, station_id) VALUES(1, 500);
INSERT INTO tb_subway_line_station(subway_line_id, station_id) VALUES(1, 173);
INSERT INTO tb_subway_line_station(subway_line_id, station_id) VALUES(1, 396);
INSERT INTO tb_subway_line_station(subway_line_id, station_id) VALUES(1, 302);
INSERT INTO tb_subway_line_station(subway_line_id, station_id) VALUES(1, 365);
INSERT INTO tb_subway_line_station(subway_line_id, station_id) VALUES(1, 476);
INSERT INTO tb_subway_line_station(subway_line_id, station_id) VALUES(1, 540);
INSERT INTO tb_subway_line_station(subway_line_id, station_id) VALUES(1, 80);
INSERT INTO tb_subway_line_station(subway_line_id, station_id) VALUES(1, 293);
INSERT INTO tb_subway_line_station(subway_line_id, station_id) VALUES(1, 106);
INSERT INTO tb_subway_line_station(subway_line_id, station_id) VALUES(2, 353);
INSERT INTO tb_subway_line_station(subway_line_id, station_id) VALUES(2, 339);
INSERT INTO tb_subway_line_station(subway_line_id, station_id) VALUES(2, 79);
INSERT INTO tb_subway_line_station(subway_line_id, station_id) VALUES(2, 13);
INSERT INTO tb_subway_line_station(subway_line_id, station_id) VALUES(2, 319);
INSERT INTO tb_subway_line_station(subway_line_id, station_id) VALUES(2, 61);
INSERT INTO tb_subway_line_station(subway_line_id, station_id) VALUES(2, 407);
INSERT INTO tb_subway_line_station(subway_line_id, station_id) VALUES(2, 184);
INSERT INTO tb_subway_line_station(subway_line_id, station_id) VALUES(2, 39);
INSERT INTO tb_subway_line_station(subway_line_id, station_id) VALUES(2, 229);
INSERT INTO tb_subway_line_station(subway_line_id, station_id) VALUES(2, 88);
INSERT INTO tb_subway_line_station(subway_line_id, station_id) VALUES(2, 104);
INSERT INTO tb_subway_line_station(subway_line_id, station_id) VALUES(2, 554);
INSERT INTO tb_subway_line_station(subway_line_id, station_id) VALUES(2, 185);
INSERT INTO tb_subway_line_station(subway_line_id, station_id) VALUES(2, 5);
INSERT INTO tb_subway_line_station(subway_line_id, station_id) VALUES(2, 87);
INSERT INTO tb_subway_line_station(subway_line_id, station_id) VALUES(2, 486);
INSERT INTO tb_subway_line_station(subway_line_id, station_id) VALUES(2, 137);
INSERT INTO tb_subway_line_station(subway_line_id, station_id) VALUES(2, 147);
INSERT INTO tb_subway_line_station(subway_line_id, station_id) VALUES(2, 337);
INSERT INTO tb_subway_line_station(subway_line_id, station_id) VALUES(2, 51);
INSERT INTO tb_subway_line_station(subway_line_id, station_id) VALUES(2, 361);
INSERT INTO tb_subway_line_station(subway_line_id, station_id) VALUES(2, 285);
INSERT INTO tb_subway_line_station(subway_line_id, station_id) VALUES(2, 492);
INSERT INTO tb_subway_line_station(subway_line_id, station_id) VALUES(2, 296);
INSERT INTO tb_subway_line_station(subway_line_id, station_id) VALUES(2, 480);
INSERT INTO tb_subway_line_station(subway_line_id, station_id) VALUES(2, 11);
INSERT INTO tb_subway_line_station(subway_line_id, station_id) VALUES(2, 601);
INSERT INTO tb_subway_line_station(subway_line_id, station_id) VALUES(2, 600);
INSERT INTO tb_subway_line_station(subway_line_id, station_id) VALUES(2, 122);
INSERT INTO tb_subway_line_station(subway_line_id, station_id) VALUES(2, 556);
INSERT INTO tb_subway_line_station(subway_line_id, station_id) VALUES(2, 42);
INSERT INTO tb_subway_line_station(subway_line_id, station_id) VALUES(2, 423);
INSERT INTO tb_subway_line_station(subway_line_id, station_id) VALUES(2, 148);
INSERT INTO tb_subway_line_station(subway_line_id, station_id) VALUES(2, 448);
INSERT INTO tb_subway_line_station(subway_line_id, station_id) VALUES(2, 186);
INSERT INTO tb_subway_line_station(subway_line_id, station_id) VALUES(2, 313);
INSERT INTO tb_subway_line_station(subway_line_id, station_id) VALUES(2, 419);
INSERT INTO tb_subway_line_station(subway_line_id, station_id) VALUES(2, 388);
INSERT INTO tb_subway_line_station(subway_line_id, station_id) VALUES(2, 446);
INSERT INTO tb_subway_line_station(subway_line_id, station_id) VALUES(2, 409);
INSERT INTO tb_subway_line_station(subway_line_id, station_id) VALUES(2, 54);
INSERT INTO tb_subway_line_station(subway_line_id, station_id) VALUES(2, 349);
INSERT INTO tb_subway_line_station(subway_line_id, station_id) VALUES(2, 596);
INSERT INTO tb_subway_line_station(subway_line_id, station_id) VALUES(2, 524);
INSERT INTO tb_subway_line_station(subway_line_id, station_id) VALUES(2, 292);
INSERT INTO tb_subway_line_station(subway_line_id, station_id) VALUES(2, 398);
INSERT INTO tb_subway_line_station(subway_line_id, station_id) VALUES(2, 206);
INSERT INTO tb_subway_line_station(subway_line_id, station_id) VALUES(2, 562);
INSERT INTO tb_subway_line_station(subway_line_id, station_id) VALUES(2, 365);
INSERT INTO tb_subway_line_station(subway_line_id, station_id) VALUES(2, 290);
INSERT INTO tb_subway_line_station(subway_line_id, station_id) VALUES(3, 94);
INSERT INTO tb_subway_line_station(subway_line_id, station_id) VALUES(3, 285);
INSERT INTO tb_subway_line_station(subway_line_id, station_id) VALUES(3, 445);
INSERT INTO tb_subway_line_station(subway_line_id, station_id) VALUES(3, 413);
INSERT INTO tb_subway_line_station(subway_line_id, station_id) VALUES(3, 429);
INSERT INTO tb_subway_line_station(subway_line_id, station_id) VALUES(3, 233);
INSERT INTO tb_subway_line_station(subway_line_id, station_id) VALUES(3, 16);
INSERT INTO tb_subway_line_station(subway_line_id, station_id) VALUES(3, 344);
INSERT INTO tb_subway_line_station(subway_line_id, station_id) VALUES(3, 210);
INSERT INTO tb_subway_line_station(subway_line_id, station_id) VALUES(3, 22);
INSERT INTO tb_subway_line_station(subway_line_id, station_id) VALUES(3, 228);
INSERT INTO tb_subway_line_station(subway_line_id, station_id) VALUES(3, 456);
INSERT INTO tb_subway_line_station(subway_line_id, station_id) VALUES(3, 62);
INSERT INTO tb_subway_line_station(subway_line_id, station_id) VALUES(3, 564);
INSERT INTO tb_subway_line_station(subway_line_id, station_id) VALUES(3, 462);
INSERT INTO tb_subway_line_station(subway_line_id, station_id) VALUES(3, 118);
INSERT INTO tb_subway_line_station(subway_line_id, station_id) VALUES(3, 107);
INSERT INTO tb_subway_line_station(subway_line_id, station_id) VALUES(3, 598);
INSERT INTO tb_subway_line_station(subway_line_id, station_id) VALUES(3, 193);
INSERT INTO tb_subway_line_station(subway_line_id, station_id) VALUES(3, 469);
INSERT INTO tb_subway_line_station(subway_line_id, station_id) VALUES(3, 241);
INSERT INTO tb_subway_line_station(subway_line_id, station_id) VALUES(3, 441);
INSERT INTO tb_subway_line_station(subway_line_id, station_id) VALUES(3, 350);
INSERT INTO tb_subway_line_station(subway_line_id, station_id) VALUES(3, 343);
INSERT INTO tb_subway_line_station(subway_line_id, station_id) VALUES(3, 202);
INSERT INTO tb_subway_line_station(subway_line_id, station_id) VALUES(3, 254);
INSERT INTO tb_subway_line_station(subway_line_id, station_id) VALUES(3, 332);
INSERT INTO tb_subway_line_station(subway_line_id, station_id) VALUES(3, 328);
INSERT INTO tb_subway_line_station(subway_line_id, station_id) VALUES(3, 449);
INSERT INTO tb_subway_line_station(subway_line_id, station_id) VALUES(3, 148);
INSERT INTO tb_subway_line_station(subway_line_id, station_id) VALUES(3, 561);
INSERT INTO tb_subway_line_station(subway_line_id, station_id) VALUES(3, 35);
INSERT INTO tb_subway_line_station(subway_line_id, station_id) VALUES(3, 188);
INSERT INTO tb_subway_line_station(subway_line_id, station_id) VALUES(3, 368);
INSERT INTO tb_subway_line_station(subway_line_id, station_id) VALUES(3, 391);
INSERT INTO tb_subway_line_station(subway_line_id, station_id) VALUES(3, 341);
INSERT INTO tb_subway_line_station(subway_line_id, station_id) VALUES(3, 287);
INSERT INTO tb_subway_line_station(subway_line_id, station_id) VALUES(3, 580);
INSERT INTO tb_subway_line_station(subway_line_id, station_id) VALUES(3, 132);
INSERT INTO tb_subway_line_station(subway_line_id, station_id) VALUES(3, 335);
INSERT INTO tb_subway_line_station(subway_line_id, station_id) VALUES(3, 63);
INSERT INTO tb_subway_line_station(subway_line_id, station_id) VALUES(3, 367);
INSERT INTO tb_subway_line_station(subway_line_id, station_id) VALUES(3, 611);
INSERT INTO tb_subway_line_station(subway_line_id, station_id) VALUES(3, 294);
INSERT INTO tb_subway_line_station(subway_line_id, station_id) VALUES(4, 244);
INSERT INTO tb_subway_line_station(subway_line_id, station_id) VALUES(4, 172);
INSERT INTO tb_subway_line_station(subway_line_id, station_id) VALUES(4, 141);
INSERT INTO tb_subway_line_station(subway_line_id, station_id) VALUES(4, 174);
INSERT INTO tb_subway_line_station(subway_line_id, station_id) VALUES(4, 605);
INSERT INTO tb_subway_line_station(subway_line_id, station_id) VALUES(4, 295);
INSERT INTO tb_subway_line_station(subway_line_id, station_id) VALUES(4, 198);
INSERT INTO tb_subway_line_station(subway_line_id, station_id) VALUES(4, 26);
INSERT INTO tb_subway_line_station(subway_line_id, station_id) VALUES(4, 623);
INSERT INTO tb_subway_line_station(subway_line_id, station_id) VALUES(4, 251);
INSERT INTO tb_subway_line_station(subway_line_id, station_id) VALUES(4, 306);
INSERT INTO tb_subway_line_station(subway_line_id, station_id) VALUES(4, 95);
INSERT INTO tb_subway_line_station(subway_line_id, station_id) VALUES(4, 349);
INSERT INTO tb_subway_line_station(subway_line_id, station_id) VALUES(4, 598);
INSERT INTO tb_subway_line_station(subway_line_id, station_id) VALUES(4, 300);
INSERT INTO tb_subway_line_station(subway_line_id, station_id) VALUES(4, 571);
INSERT INTO tb_subway_line_station(subway_line_id, station_id) VALUES(4, 609);
INSERT INTO tb_subway_line_station(subway_line_id, station_id) VALUES(4, 593);
INSERT INTO tb_subway_line_station(subway_line_id, station_id) VALUES(4, 637);
INSERT INTO tb_subway_line_station(subway_line_id, station_id) VALUES(4, 528);
INSERT INTO tb_subway_line_station(subway_line_id, station_id) VALUES(4, 572);
INSERT INTO tb_subway_line_station(subway_line_id, station_id) VALUES(4, 586);
INSERT INTO tb_subway_line_station(subway_line_id, station_id) VALUES(4, 37);
INSERT INTO tb_subway_line_station(subway_line_id, station_id) VALUES(4, 319);
INSERT INTO tb_subway_line_station(subway_line_id, station_id) VALUES(4, 531);
INSERT INTO tb_subway_line_station(subway_line_id, station_id) VALUES(4, 569);
INSERT INTO tb_subway_line_station(subway_line_id, station_id) VALUES(4, 591);
INSERT INTO tb_subway_line_station(subway_line_id, station_id) VALUES(4, 268);
INSERT INTO tb_subway_line_station(subway_line_id, station_id) VALUES(4, 58);
INSERT INTO tb_subway_line_station(subway_line_id, station_id) VALUES(4, 111);
INSERT INTO tb_subway_line_station(subway_line_id, station_id) VALUES(4, 170);
INSERT INTO tb_subway_line_station(subway_line_id, station_id) VALUES(4, 194);
INSERT INTO tb_subway_line_station(subway_line_id, station_id) VALUES(4, 625);
INSERT INTO tb_subway_line_station(subway_line_id, station_id) VALUES(4, 498);
INSERT INTO tb_subway_line_station(subway_line_id, station_id) VALUES(4, 307);
INSERT INTO tb_subway_line_station(subway_line_id, station_id) VALUES(4, 437);
INSERT INTO tb_subway_line_station(subway_line_id, station_id) VALUES(4, 159);
INSERT INTO tb_subway_line_station(subway_line_id, station_id) VALUES(4, 393);
INSERT INTO tb_subway_line_station(subway_line_id, station_id) VALUES(4, 525);
INSERT INTO tb_subway_line_station(subway_line_id, station_id) VALUES(4, 616);
INSERT INTO tb_subway_line_station(subway_line_id, station_id) VALUES(4, 459);
INSERT INTO tb_subway_line_station(subway_line_id, station_id) VALUES(4, 102);
INSERT INTO tb_subway_line_station(subway_line_id, station_id) VALUES(4, 439);
INSERT INTO tb_subway_line_station(subway_line_id, station_id) VALUES(4, 309);
INSERT INTO tb_subway_line_station(subway_line_id, station_id) VALUES(4, 495);
INSERT INTO tb_subway_line_station(subway_line_id, station_id) VALUES(4, 41);
INSERT INTO tb_subway_line_station(subway_line_id, station_id) VALUES(4, 246);
INSERT INTO tb_subway_line_station(subway_line_id, station_id) VALUES(4, 405);
INSERT INTO tb_subway_line_station(subway_line_id, station_id) VALUES(4, 628);
INSERT INTO tb_subway_line_station(subway_line_id, station_id) VALUES(4, 124);
INSERT INTO tb_subway_line_station(subway_line_id, station_id) VALUES(4, 548);
INSERT INTO tb_subway_line_station(subway_line_id, station_id) VALUES(5, 349);
INSERT INTO tb_subway_line_station(subway_line_id, station_id) VALUES(5, 88);
INSERT INTO tb_subway_line_station(subway_line_id, station_id) VALUES(5, 558);
INSERT INTO tb_subway_line_station(subway_line_id, station_id) VALUES(5, 343);
INSERT INTO tb_subway_line_station(subway_line_id, station_id) VALUES(5, 283);
INSERT INTO tb_subway_line_station(subway_line_id, station_id) VALUES(5, 17);
INSERT INTO tb_subway_line_station(subway_line_id, station_id) VALUES(5, 398);
INSERT INTO tb_subway_line_station(subway_line_id, station_id) VALUES(5, 470);
INSERT INTO tb_subway_line_station(subway_line_id, station_id) VALUES(5, 502);
INSERT INTO tb_subway_line_station(subway_line_id, station_id) VALUES(5, 10);
INSERT INTO tb_subway_line_station(subway_line_id, station_id) VALUES(5, 76);
INSERT INTO tb_subway_line_station(subway_line_id, station_id) VALUES(5, 45);
INSERT INTO tb_subway_line_station(subway_line_id, station_id) VALUES(5, 612);
INSERT INTO tb_subway_line_station(subway_line_id, station_id) VALUES(5, 38);
INSERT INTO tb_subway_line_station(subway_line_id, station_id) VALUES(5, 237);
INSERT INTO tb_subway_line_station(subway_line_id, station_id) VALUES(5, 600);
INSERT INTO tb_subway_line_station(subway_line_id, station_id) VALUES(5, 608);
INSERT INTO tb_subway_line_station(subway_line_id, station_id) VALUES(5, 147);
INSERT INTO tb_subway_line_station(subway_line_id, station_id) VALUES(5, 615);
INSERT INTO tb_subway_line_station(subway_line_id, station_id) VALUES(5, 207);
INSERT INTO tb_subway_line_station(subway_line_id, station_id) VALUES(5, 257);
INSERT INTO tb_subway_line_station(subway_line_id, station_id) VALUES(5, 89);
INSERT INTO tb_subway_line_station(subway_line_id, station_id) VALUES(5, 524);
INSERT INTO tb_subway_line_station(subway_line_id, station_id) VALUES(5, 138);
INSERT INTO tb_subway_line_station(subway_line_id, station_id) VALUES(5, 280);
INSERT INTO tb_subway_line_station(subway_line_id, station_id) VALUES(5, 258);
INSERT INTO tb_subway_line_station(subway_line_id, station_id) VALUES(5, 583);
INSERT INTO tb_subway_line_station(subway_line_id, station_id) VALUES(5, 454);
INSERT INTO tb_subway_line_station(subway_line_id, station_id) VALUES(5, 286);
INSERT INTO tb_subway_line_station(subway_line_id, station_id) VALUES(5, 602);
INSERT INTO tb_subway_line_station(subway_line_id, station_id) VALUES(5, 372);
INSERT INTO tb_subway_line_station(subway_line_id, station_id) VALUES(5, 278);
INSERT INTO tb_subway_line_station(subway_line_id, station_id) VALUES(5, 230);
INSERT INTO tb_subway_line_station(subway_line_id, station_id) VALUES(5, 77);
INSERT INTO tb_subway_line_station(subway_line_id, station_id) VALUES(5, 574);
INSERT INTO tb_subway_line_station(subway_line_id, station_id) VALUES(5, 375);
INSERT INTO tb_subway_line_station(subway_line_id, station_id) VALUES(5, 563);
INSERT INTO tb_subway_line_station(subway_line_id, station_id) VALUES(5, 619);
INSERT INTO tb_subway_line_station(subway_line_id, station_id) VALUES(5, 18);
INSERT INTO tb_subway_line_station(subway_line_id, station_id) VALUES(5, 318);
INSERT INTO tb_subway_line_station(subway_line_id, station_id) VALUES(5, 382);
INSERT INTO tb_subway_line_station(subway_line_id, station_id) VALUES(5, 288);
INSERT INTO tb_subway_line_station(subway_line_id, station_id) VALUES(5, 303);
INSERT INTO tb_subway_line_station(subway_line_id, station_id) VALUES(5, 511);
INSERT INTO tb_subway_line_station(subway_line_id, station_id) VALUES(5, 160);
INSERT INTO tb_subway_line_station(subway_line_id, station_id) VALUES(5, 501);
INSERT INTO tb_subway_line_station(subway_line_id, station_id) VALUES(5, 203);
INSERT INTO tb_subway_line_station(subway_line_id, station_id) VALUES(5, 430);
INSERT INTO tb_subway_line_station(subway_line_id, station_id) VALUES(5, 634);
INSERT INTO tb_subway_line_station(subway_line_id, station_id) VALUES(5, 63);
INSERT INTO tb_subway_line_station(subway_line_id, station_id) VALUES(5, 81);
INSERT INTO tb_subway_line_station(subway_line_id, station_id) VALUES(5, 240);
INSERT INTO tb_subway_line_station(subway_line_id, station_id) VALUES(5, 209);
INSERT INTO tb_subway_line_station(subway_line_id, station_id) VALUES(5, 146);
INSERT INTO tb_subway_line_station(subway_line_id, station_id) VALUES(5, 103);
INSERT INTO tb_subway_line_station(subway_line_id, station_id) VALUES(5, 376);
INSERT INTO tb_subway_line_station(subway_line_id, station_id) VALUES(6, 135);
INSERT INTO tb_subway_line_station(subway_line_id, station_id) VALUES(6, 4);
INSERT INTO tb_subway_line_station(subway_line_id, station_id) VALUES(6, 98);
INSERT INTO tb_subway_line_station(subway_line_id, station_id) VALUES(6, 16);
INSERT INTO tb_subway_line_station(subway_line_id, station_id) VALUES(6, 34);
INSERT INTO tb_subway_line_station(subway_line_id, station_id) VALUES(6, 344);
INSERT INTO tb_subway_line_station(subway_line_id, station_id) VALUES(6, 177);
INSERT INTO tb_subway_line_station(subway_line_id, station_id) VALUES(6, 114);
INSERT INTO tb_subway_line_station(subway_line_id, station_id) VALUES(6, 145);
INSERT INTO tb_subway_line_station(subway_line_id, station_id) VALUES(6, 584);
INSERT INTO tb_subway_line_station(subway_line_id, station_id) VALUES(6, 153);
INSERT INTO tb_subway_line_station(subway_line_id, station_id) VALUES(6, 403);
INSERT INTO tb_subway_line_station(subway_line_id, station_id) VALUES(6, 223);
INSERT INTO tb_subway_line_station(subway_line_id, station_id) VALUES(6, 104);
INSERT INTO tb_subway_line_station(subway_line_id, station_id) VALUES(6, 355);
INSERT INTO tb_subway_line_station(subway_line_id, station_id) VALUES(6, 360);
INSERT INTO tb_subway_line_station(subway_line_id, station_id) VALUES(6, 473);
INSERT INTO tb_subway_line_station(subway_line_id, station_id) VALUES(6, 470);
INSERT INTO tb_subway_line_station(subway_line_id, station_id) VALUES(6, 82);
INSERT INTO tb_subway_line_station(subway_line_id, station_id) VALUES(6, 637);
INSERT INTO tb_subway_line_station(subway_line_id, station_id) VALUES(6, 208);
INSERT INTO tb_subway_line_station(subway_line_id, station_id) VALUES(6, 72);
INSERT INTO tb_subway_line_station(subway_line_id, station_id) VALUES(6, 157);
INSERT INTO tb_subway_line_station(subway_line_id, station_id) VALUES(6, 40);
INSERT INTO tb_subway_line_station(subway_line_id, station_id) VALUES(6, 188);
INSERT INTO tb_subway_line_station(subway_line_id, station_id) VALUES(6, 54);
INSERT INTO tb_subway_line_station(subway_line_id, station_id) VALUES(6, 447);
INSERT INTO tb_subway_line_station(subway_line_id, station_id) VALUES(6, 503);
INSERT INTO tb_subway_line_station(subway_line_id, station_id) VALUES(6, 381);
INSERT INTO tb_subway_line_station(subway_line_id, station_id) VALUES(6, 275);
INSERT INTO tb_subway_line_station(subway_line_id, station_id) VALUES(6, 164);
INSERT INTO tb_subway_line_station(subway_line_id, station_id) VALUES(6, 71);
INSERT INTO tb_subway_line_station(subway_line_id, station_id) VALUES(6, 301);
INSERT INTO tb_subway_line_station(subway_line_id, station_id) VALUES(6, 293);
INSERT INTO tb_subway_line_station(subway_line_id, station_id) VALUES(6, 191);
INSERT INTO tb_subway_line_station(subway_line_id, station_id) VALUES(6, 487);
INSERT INTO tb_subway_line_station(subway_line_id, station_id) VALUES(6, 546);
INSERT INTO tb_subway_line_station(subway_line_id, station_id) VALUES(6, 176);
INSERT INTO tb_subway_line_station(subway_line_id, station_id) VALUES(6, 558);
INSERT INTO tb_subway_line_station(subway_line_id, station_id) VALUES(7, 248);
INSERT INTO tb_subway_line_station(subway_line_id, station_id) VALUES(7, 127);
INSERT INTO tb_subway_line_station(subway_line_id, station_id) VALUES(7, 53);
INSERT INTO tb_subway_line_station(subway_line_id, station_id) VALUES(7, 179);
INSERT INTO tb_subway_line_station(subway_line_id, station_id) VALUES(7, 454);
INSERT INTO tb_subway_line_station(subway_line_id, station_id) VALUES(7, 128);
INSERT INTO tb_subway_line_station(subway_line_id, station_id) VALUES(7, 87);
INSERT INTO tb_subway_line_station(subway_line_id, station_id) VALUES(7, 521);
INSERT INTO tb_subway_line_station(subway_line_id, station_id) VALUES(7, 320);
INSERT INTO tb_subway_line_station(subway_line_id, station_id) VALUES(7, 595);
INSERT INTO tb_subway_line_station(subway_line_id, station_id) VALUES(7, 417);
INSERT INTO tb_subway_line_station(subway_line_id, station_id) VALUES(7, 561);
INSERT INTO tb_subway_line_station(subway_line_id, station_id) VALUES(7, 126);
INSERT INTO tb_subway_line_station(subway_line_id, station_id) VALUES(7, 491);
INSERT INTO tb_subway_line_station(subway_line_id, station_id) VALUES(7, 321);
INSERT INTO tb_subway_line_station(subway_line_id, station_id) VALUES(7, 399);
INSERT INTO tb_subway_line_station(subway_line_id, station_id) VALUES(7, 342);
INSERT INTO tb_subway_line_station(subway_line_id, station_id) VALUES(7, 406);
INSERT INTO tb_subway_line_station(subway_line_id, station_id) VALUES(7, 374);
INSERT INTO tb_subway_line_station(subway_line_id, station_id) VALUES(7, 440);
INSERT INTO tb_subway_line_station(subway_line_id, station_id) VALUES(7, 264);
INSERT INTO tb_subway_line_station(subway_line_id, station_id) VALUES(7, 183);
INSERT INTO tb_subway_line_station(subway_line_id, station_id) VALUES(7, 353);
INSERT INTO tb_subway_line_station(subway_line_id, station_id) VALUES(7, 565);
INSERT INTO tb_subway_line_station(subway_line_id, station_id) VALUES(7, 212);
INSERT INTO tb_subway_line_station(subway_line_id, station_id) VALUES(7, 213);
INSERT INTO tb_subway_line_station(subway_line_id, station_id) VALUES(7, 214);
INSERT INTO tb_subway_line_station(subway_line_id, station_id) VALUES(7, 457);
INSERT INTO tb_subway_line_station(subway_line_id, station_id) VALUES(7, 101);
INSERT INTO tb_subway_line_station(subway_line_id, station_id) VALUES(7, 289);
INSERT INTO tb_subway_line_station(subway_line_id, station_id) VALUES(7, 279);
INSERT INTO tb_subway_line_station(subway_line_id, station_id) VALUES(7, 219);
INSERT INTO tb_subway_line_station(subway_line_id, station_id) VALUES(7, 30);
INSERT INTO tb_subway_line_station(subway_line_id, station_id) VALUES(7, 433);
INSERT INTO tb_subway_line_station(subway_line_id, station_id) VALUES(7, 421);
INSERT INTO tb_subway_line_station(subway_line_id, station_id) VALUES(7, 506);
INSERT INTO tb_subway_line_station(subway_line_id, station_id) VALUES(7, 211);
INSERT INTO tb_subway_line_station(subway_line_id, station_id) VALUES(7, 113);
INSERT INTO tb_subway_line_station(subway_line_id, station_id) VALUES(7, 201);
INSERT INTO tb_subway_line_station(subway_line_id, station_id) VALUES(7, 172);
INSERT INTO tb_subway_line_station(subway_line_id, station_id) VALUES(7, 143);
INSERT INTO tb_subway_line_station(subway_line_id, station_id) VALUES(7, 576);
INSERT INTO tb_subway_line_station(subway_line_id, station_id) VALUES(7, 242);
INSERT INTO tb_subway_line_station(subway_line_id, station_id) VALUES(7, 191);
INSERT INTO tb_subway_line_station(subway_line_id, station_id) VALUES(7, 311);
INSERT INTO tb_subway_line_station(subway_line_id, station_id) VALUES(7, 90);
INSERT INTO tb_subway_line_station(subway_line_id, station_id) VALUES(7, 378);
INSERT INTO tb_subway_line_station(subway_line_id, station_id) VALUES(7, 75);
INSERT INTO tb_subway_line_station(subway_line_id, station_id) VALUES(7, 585);
INSERT INTO tb_subway_line_station(subway_line_id, station_id) VALUES(7, 33);
INSERT INTO tb_subway_line_station(subway_line_id, station_id) VALUES(7, 149);
INSERT INTO tb_subway_line_station(subway_line_id, station_id) VALUES(7, 12);
INSERT INTO tb_subway_line_station(subway_line_id, station_id) VALUES(7, 463);
INSERT INTO tb_subway_line_station(subway_line_id, station_id) VALUES(8, 636);
INSERT INTO tb_subway_line_station(subway_line_id, station_id) VALUES(8, 372);
INSERT INTO tb_subway_line_station(subway_line_id, station_id) VALUES(8, 444);
INSERT INTO tb_subway_line_station(subway_line_id, station_id) VALUES(8, 115);
INSERT INTO tb_subway_line_station(subway_line_id, station_id) VALUES(8, 419);
INSERT INTO tb_subway_line_station(subway_line_id, station_id) VALUES(8, 479);
INSERT INTO tb_subway_line_station(subway_line_id, station_id) VALUES(8, 231);
INSERT INTO tb_subway_line_station(subway_line_id, station_id) VALUES(8, 385);
INSERT INTO tb_subway_line_station(subway_line_id, station_id) VALUES(8, 215);
INSERT INTO tb_subway_line_station(subway_line_id, station_id) VALUES(8, 254);
INSERT INTO tb_subway_line_station(subway_line_id, station_id) VALUES(8, 383);
INSERT INTO tb_subway_line_station(subway_line_id, station_id) VALUES(8, 252);
INSERT INTO tb_subway_line_station(subway_line_id, station_id) VALUES(8, 131);
INSERT INTO tb_subway_line_station(subway_line_id, station_id) VALUES(8, 180);
INSERT INTO tb_subway_line_station(subway_line_id, station_id) VALUES(8, 464);
INSERT INTO tb_subway_line_station(subway_line_id, station_id) VALUES(8, 552);
INSERT INTO tb_subway_line_station(subway_line_id, station_id) VALUES(8, 20);
INSERT INTO tb_subway_line_station(subway_line_id, station_id) VALUES(8, 151);
INSERT INTO tb_subway_line_station(subway_line_id, station_id) VALUES(9, 234);
INSERT INTO tb_subway_line_station(subway_line_id, station_id) VALUES(9, 160);
INSERT INTO tb_subway_line_station(subway_line_id, station_id) VALUES(9, 394);
INSERT INTO tb_subway_line_station(subway_line_id, station_id) VALUES(9, 568);
INSERT INTO tb_subway_line_station(subway_line_id, station_id) VALUES(9, 155);
INSERT INTO tb_subway_line_station(subway_line_id, station_id) VALUES(9, 139);
INSERT INTO tb_subway_line_station(subway_line_id, station_id) VALUES(9, 452);
INSERT INTO tb_subway_line_station(subway_line_id, station_id) VALUES(9, 497);
INSERT INTO tb_subway_line_station(subway_line_id, station_id) VALUES(9, 297);
INSERT INTO tb_subway_line_station(subway_line_id, station_id) VALUES(9, 78);
INSERT INTO tb_subway_line_station(subway_line_id, station_id) VALUES(9, 412);
INSERT INTO tb_subway_line_station(subway_line_id, station_id) VALUES(9, 165);
INSERT INTO tb_subway_line_station(subway_line_id, station_id) VALUES(9, 380);
INSERT INTO tb_subway_line_station(subway_line_id, station_id) VALUES(9, 536);
INSERT INTO tb_subway_line_station(subway_line_id, station_id) VALUES(9, 76);
INSERT INTO tb_subway_line_station(subway_line_id, station_id) VALUES(9, 512);
INSERT INTO tb_subway_line_station(subway_line_id, station_id) VALUES(9, 520);
INSERT INTO tb_subway_line_station(subway_line_id, station_id) VALUES(9, 578);
INSERT INTO tb_subway_line_station(subway_line_id, station_id) VALUES(9, 586);
INSERT INTO tb_subway_line_station(subway_line_id, station_id) VALUES(9, 329);
INSERT INTO tb_subway_line_station(subway_line_id, station_id) VALUES(9, 411);
INSERT INTO tb_subway_line_station(subway_line_id, station_id) VALUES(9, 235);
INSERT INTO tb_subway_line_station(subway_line_id, station_id) VALUES(9, 169);
INSERT INTO tb_subway_line_station(subway_line_id, station_id) VALUES(9, 535);
INSERT INTO tb_subway_line_station(subway_line_id, station_id) VALUES(9, 485);
INSERT INTO tb_subway_line_station(subway_line_id, station_id) VALUES(9, 225);
INSERT INTO tb_subway_line_station(subway_line_id, station_id) VALUES(9, 385);
INSERT INTO tb_subway_line_station(subway_line_id, station_id) VALUES(9, 333);
INSERT INTO tb_subway_line_station(subway_line_id, station_id) VALUES(9, 607);
INSERT INTO tb_subway_line_station(subway_line_id, station_id) VALUES(9, 619);
INSERT INTO tb_subway_line_station(subway_line_id, station_id) VALUES(9, 618);
INSERT INTO tb_subway_line_station(subway_line_id, station_id) VALUES(9, 363);
INSERT INTO tb_subway_line_station(subway_line_id, station_id) VALUES(9, 322);
INSERT INTO tb_subway_line_station(subway_line_id, station_id) VALUES(9, 407);
INSERT INTO tb_subway_line_station(subway_line_id, station_id) VALUES(9, 561);
INSERT INTO tb_subway_line_station(subway_line_id, station_id) VALUES(9, 154);
INSERT INTO tb_subway_line_station(subway_line_id, station_id) VALUES(9, 166);
INSERT INTO tb_subway_line_station(subway_line_id, station_id) VALUES(9, 5);
INSERT INTO tb_subway_line_station(subway_line_id, station_id) VALUES(10, 253);
INSERT INTO tb_subway_line_station(subway_line_id, station_id) VALUES(10, 21);
INSERT INTO tb_subway_line_station(subway_line_id, station_id) VALUES(10, 395);
INSERT INTO tb_subway_line_station(subway_line_id, station_id) VALUES(10, 404);
INSERT INTO tb_subway_line_station(subway_line_id, station_id) VALUES(10, 626);
INSERT INTO tb_subway_line_station(subway_line_id, station_id) VALUES(10, 260);
INSERT INTO tb_subway_line_station(subway_line_id, station_id) VALUES(10, 594);
INSERT INTO tb_subway_line_station(subway_line_id, station_id) VALUES(10, 630);
INSERT INTO tb_subway_line_station(subway_line_id, station_id) VALUES(10, 432);
INSERT INTO tb_subway_line_station(subway_line_id, station_id) VALUES(10, 496);
INSERT INTO tb_subway_line_station(subway_line_id, station_id) VALUES(10, 460);
INSERT INTO tb_subway_line_station(subway_line_id, station_id) VALUES(11, 470);
INSERT INTO tb_subway_line_station(subway_line_id, station_id) VALUES(11, 314);
INSERT INTO tb_subway_line_station(subway_line_id, station_id) VALUES(11, 600);
INSERT INTO tb_subway_line_station(subway_line_id, station_id) VALUES(11, 604);
INSERT INTO tb_subway_line_station(subway_line_id, station_id) VALUES(11, 187);
INSERT INTO tb_subway_line_station(subway_line_id, station_id) VALUES(11, 334);
INSERT INTO tb_subway_line_station(subway_line_id, station_id) VALUES(11, 47);
INSERT INTO tb_subway_line_station(subway_line_id, station_id) VALUES(11, 299);
INSERT INTO tb_subway_line_station(subway_line_id, station_id) VALUES(11, 15);
INSERT INTO tb_subway_line_station(subway_line_id, station_id) VALUES(11, 615);
INSERT INTO tb_subway_line_station(subway_line_id, station_id) VALUES(11, 218);
INSERT INTO tb_subway_line_station(subway_line_id, station_id) VALUES(11, 351);
INSERT INTO tb_subway_line_station(subway_line_id, station_id) VALUES(11, 577);
INSERT INTO tb_subway_line_station(subway_line_id, station_id) VALUES(11, 609);
INSERT INTO tb_subway_line_station(subway_line_id, station_id) VALUES(11, 339);
INSERT INTO tb_subway_line_station(subway_line_id, station_id) VALUES(11, 82);
INSERT INTO tb_subway_line_station(subway_line_id, station_id) VALUES(11, 23);
INSERT INTO tb_subway_line_station(subway_line_id, station_id) VALUES(11, 79);
INSERT INTO tb_subway_line_station(subway_line_id, station_id) VALUES(11, 216);
INSERT INTO tb_subway_line_station(subway_line_id, station_id) VALUES(11, 584);
INSERT INTO tb_subway_line_station(subway_line_id, station_id) VALUES(11, 130);
INSERT INTO tb_subway_line_station(subway_line_id, station_id) VALUES(11, 442);
INSERT INTO tb_subway_line_station(subway_line_id, station_id) VALUES(11, 315);
INSERT INTO tb_subway_line_station(subway_line_id, station_id) VALUES(11, 352);
INSERT INTO tb_subway_line_station(subway_line_id, station_id) VALUES(11, 559);
INSERT INTO tb_subway_line_station(subway_line_id, station_id) VALUES(11, 550);
INSERT INTO tb_subway_line_station(subway_line_id, station_id) VALUES(11, 232);
INSERT INTO tb_subway_line_station(subway_line_id, station_id) VALUES(11, 92);
INSERT INTO tb_subway_line_station(subway_line_id, station_id) VALUES(11, 265);
INSERT INTO tb_subway_line_station(subway_line_id, station_id) VALUES(11, 592);
INSERT INTO tb_subway_line_station(subway_line_id, station_id) VALUES(11, 276);
INSERT INTO tb_subway_line_station(subway_line_id, station_id) VALUES(11, 181);
INSERT INTO tb_subway_line_station(subway_line_id, station_id) VALUES(11, 66);
INSERT INTO tb_subway_line_station(subway_line_id, station_id) VALUES(11, 537);
INSERT INTO tb_subway_line_station(subway_line_id, station_id) VALUES(11, 566);
INSERT INTO tb_subway_line_station(subway_line_id, station_id) VALUES(11, 1);
INSERT INTO tb_subway_line_station(subway_line_id, station_id) VALUES(11, 369);
INSERT INTO tb_subway_line_station(subway_line_id, station_id) VALUES(11, 476);
INSERT INTO tb_subway_line_station(subway_line_id, station_id) VALUES(11, 161);
INSERT INTO tb_subway_line_station(subway_line_id, station_id) VALUES(11, 387);
INSERT INTO tb_subway_line_station(subway_line_id, station_id) VALUES(11, 611);
INSERT INTO tb_subway_line_station(subway_line_id, station_id) VALUES(11, 255);
INSERT INTO tb_subway_line_station(subway_line_id, station_id) VALUES(11, 346);
INSERT INTO tb_subway_line_station(subway_line_id, station_id) VALUES(11, 469);
INSERT INTO tb_subway_line_station(subway_line_id, station_id) VALUES(11, 379);
INSERT INTO tb_subway_line_station(subway_line_id, station_id) VALUES(11, 510);
INSERT INTO tb_subway_line_station(subway_line_id, station_id) VALUES(11, 572);
INSERT INTO tb_subway_line_station(subway_line_id, station_id) VALUES(11, 195);
INSERT INTO tb_subway_line_station(subway_line_id, station_id) VALUES(11, 55);
INSERT INTO tb_subway_line_station(subway_line_id, station_id) VALUES(11, 168);
INSERT INTO tb_subway_line_station(subway_line_id, station_id) VALUES(11, 199);
INSERT INTO tb_subway_line_station(subway_line_id, station_id) VALUES(11, 468);
INSERT INTO tb_subway_line_station(subway_line_id, station_id) VALUES(11, 455);
INSERT INTO tb_subway_line_station(subway_line_id, station_id) VALUES(11, 90);
INSERT INTO tb_subway_line_station(subway_line_id, station_id) VALUES(11, 532);
INSERT INTO tb_subway_line_station(subway_line_id, station_id) VALUES(11, 555);
INSERT INTO tb_subway_line_station(subway_line_id, station_id) VALUES(11, 171);
INSERT INTO tb_subway_line_station(subway_line_id, station_id) VALUES(12, 476);
INSERT INTO tb_subway_line_station(subway_line_id, station_id) VALUES(12, 514);
INSERT INTO tb_subway_line_station(subway_line_id, station_id) VALUES(12, 204);
INSERT INTO tb_subway_line_station(subway_line_id, station_id) VALUES(12, 100);
INSERT INTO tb_subway_line_station(subway_line_id, station_id) VALUES(12, 226);
INSERT INTO tb_subway_line_station(subway_line_id, station_id) VALUES(12, 418);
INSERT INTO tb_subway_line_station(subway_line_id, station_id) VALUES(12, 483);
INSERT INTO tb_subway_line_station(subway_line_id, station_id) VALUES(12, 326);
INSERT INTO tb_subway_line_station(subway_line_id, station_id) VALUES(12, 274);
INSERT INTO tb_subway_line_station(subway_line_id, station_id) VALUES(12, 83);
INSERT INTO tb_subway_line_station(subway_line_id, station_id) VALUES(12, 134);
INSERT INTO tb_subway_line_station(subway_line_id, station_id) VALUES(12, 68);
INSERT INTO tb_subway_line_station(subway_line_id, station_id) VALUES(12, 338);
INSERT INTO tb_subway_line_station(subway_line_id, station_id) VALUES(12, 414);
INSERT INTO tb_subway_line_station(subway_line_id, station_id) VALUES(12, 106);
INSERT INTO tb_subway_line_station(subway_line_id, station_id) VALUES(12, 161);
INSERT INTO tb_subway_line_station(subway_line_id, station_id) VALUES(12, 532);
INSERT INTO tb_subway_line_station(subway_line_id, station_id) VALUES(12, 90);
INSERT INTO tb_subway_line_station(subway_line_id, station_id) VALUES(12, 379);
INSERT INTO tb_subway_line_station(subway_line_id, station_id) VALUES(12, 546);
INSERT INTO tb_subway_line_station(subway_line_id, station_id) VALUES(12, 150);
INSERT INTO tb_subway_line_station(subway_line_id, station_id) VALUES(12, 613);
INSERT INTO tb_subway_line_station(subway_line_id, station_id) VALUES(12, 8);
INSERT INTO tb_subway_line_station(subway_line_id, station_id) VALUES(12, 125);
INSERT INTO tb_subway_line_station(subway_line_id, station_id) VALUES(12, 545);
INSERT INTO tb_subway_line_station(subway_line_id, station_id) VALUES(13, 222);
INSERT INTO tb_subway_line_station(subway_line_id, station_id) VALUES(13, 116);
INSERT INTO tb_subway_line_station(subway_line_id, station_id) VALUES(13, 507);
INSERT INTO tb_subway_line_station(subway_line_id, station_id) VALUES(13, 155);
INSERT INTO tb_subway_line_station(subway_line_id, station_id) VALUES(13, 470);
INSERT INTO tb_subway_line_station(subway_line_id, station_id) VALUES(13, 79);
INSERT INTO tb_subway_line_station(subway_line_id, station_id) VALUES(13, 584);
INSERT INTO tb_subway_line_station(subway_line_id, station_id) VALUES(13, 160);
INSERT INTO tb_subway_line_station(subway_line_id, station_id) VALUES(13, 73);
INSERT INTO tb_subway_line_station(subway_line_id, station_id) VALUES(13, 640);
INSERT INTO tb_subway_line_station(subway_line_id, station_id) VALUES(13, 416);
INSERT INTO tb_subway_line_station(subway_line_id, station_id) VALUES(13, 609);
INSERT INTO tb_subway_line_station(subway_line_id, station_id) VALUES(13, 133);
INSERT INTO tb_subway_line_station(subway_line_id, station_id) VALUES(13, 530);
INSERT INTO tb_subway_line_station(subway_line_id, station_id) VALUES(15, 149);
INSERT INTO tb_subway_line_station(subway_line_id, station_id) VALUES(15, 232);
INSERT INTO tb_subway_line_station(subway_line_id, station_id) VALUES(15, 158);
INSERT INTO tb_subway_line_station(subway_line_id, station_id) VALUES(15, 105);
INSERT INTO tb_subway_line_station(subway_line_id, station_id) VALUES(15, 291);
INSERT INTO tb_subway_line_station(subway_line_id, station_id) VALUES(15, 189);
INSERT INTO tb_subway_line_station(subway_line_id, station_id) VALUES(15, 516);
INSERT INTO tb_subway_line_station(subway_line_id, station_id) VALUES(15, 6);
INSERT INTO tb_subway_line_station(subway_line_id, station_id) VALUES(15, 190);
INSERT INTO tb_subway_line_station(subway_line_id, station_id) VALUES(15, 284);
INSERT INTO tb_subway_line_station(subway_line_id, station_id) VALUES(15, 510);
INSERT INTO tb_subway_line_station(subway_line_id, station_id) VALUES(15, 352);
INSERT INTO tb_subway_line_station(subway_line_id, station_id) VALUES(15, 559);
INSERT INTO tb_subway_line_station(subway_line_id, station_id) VALUES(15, 340);
INSERT INTO tb_subway_line_station(subway_line_id, station_id) VALUES(15, 469);
INSERT INTO tb_subway_line_station(subway_line_id, station_id) VALUES(15, 550);
INSERT INTO tb_subway_line_station(subway_line_id, station_id) VALUES(15, 621);
INSERT INTO tb_subway_line_station(subway_line_id, station_id) VALUES(15, 41);
INSERT INTO tb_subway_line_station(subway_line_id, station_id) VALUES(15, 70);
INSERT INTO tb_subway_line_station(subway_line_id, station_id) VALUES(15, 245);
INSERT INTO tb_subway_line_station(subway_line_id, station_id) VALUES(15, 160);
INSERT INTO tb_subway_line_station(subway_line_id, station_id) VALUES(16, 281);
INSERT INTO tb_subway_line_station(subway_line_id, station_id) VALUES(16, 410);
INSERT INTO tb_subway_line_station(subway_line_id, station_id) VALUES(16, 236);
INSERT INTO tb_subway_line_station(subway_line_id, station_id) VALUES(16, 49);
INSERT INTO tb_subway_line_station(subway_line_id, station_id) VALUES(16, 270);
INSERT INTO tb_subway_line_station(subway_line_id, station_id) VALUES(16, 259);
INSERT INTO tb_subway_line_station(subway_line_id, station_id) VALUES(16, 359);
INSERT INTO tb_subway_line_station(subway_line_id, station_id) VALUES(16, 347);
INSERT INTO tb_subway_line_station(subway_line_id, station_id) VALUES(16, 313);
INSERT INTO tb_subway_line_station(subway_line_id, station_id) VALUES(16, 35);
INSERT INTO tb_subway_line_station(subway_line_id, station_id) VALUES(16, 220);
INSERT INTO tb_subway_line_station(subway_line_id, station_id) VALUES(16, 603);
INSERT INTO tb_subway_line_station(subway_line_id, station_id) VALUES(16, 600);
INSERT INTO tb_subway_line_station(subway_line_id, station_id) VALUES(16, 595);
INSERT INTO tb_subway_line_station(subway_line_id, station_id) VALUES(16, 117);
INSERT INTO tb_subway_line_station(subway_line_id, station_id) VALUES(16, 332);
INSERT INTO tb_subway_line_station(subway_line_id, station_id) VALUES(16, 64);
INSERT INTO tb_subway_line_station(subway_line_id, station_id) VALUES(16, 67);
INSERT INTO tb_subway_line_station(subway_line_id, station_id) VALUES(16, 624);
INSERT INTO tb_subway_line_station(subway_line_id, station_id) VALUES(16, 589);
INSERT INTO tb_subway_line_station(subway_line_id, station_id) VALUES(16, 48);
INSERT INTO tb_subway_line_station(subway_line_id, station_id) VALUES(16, 607);
INSERT INTO tb_subway_line_station(subway_line_id, station_id) VALUES(16, 386);
INSERT INTO tb_subway_line_station(subway_line_id, station_id) VALUES(16, 330);
INSERT INTO tb_subway_line_station(subway_line_id, station_id) VALUES(16, 260);
INSERT INTO tb_subway_line_station(subway_line_id, station_id) VALUES(16, 481);
INSERT INTO tb_subway_line_station(subway_line_id, station_id) VALUES(16, 249);
INSERT INTO tb_subway_line_station(subway_line_id, station_id) VALUES(16, 119);
INSERT INTO tb_subway_line_station(subway_line_id, station_id) VALUES(16, 543);
INSERT INTO tb_subway_line_station(subway_line_id, station_id) VALUES(16, 581);
INSERT INTO tb_subway_line_station(subway_line_id, station_id) VALUES(16, 515);
INSERT INTO tb_subway_line_station(subway_line_id, station_id) VALUES(16, 443);
INSERT INTO tb_subway_line_station(subway_line_id, station_id) VALUES(16, 499);
INSERT INTO tb_subway_line_station(subway_line_id, station_id) VALUES(16, 9);
INSERT INTO tb_subway_line_station(subway_line_id, station_id) VALUES(16, 373);
INSERT INTO tb_subway_line_station(subway_line_id, station_id) VALUES(16, 590);
INSERT INTO tb_subway_line_station(subway_line_id, station_id) VALUES(16, 471);
INSERT INTO tb_subway_line_station(subway_line_id, station_id) VALUES(16, 43);
INSERT INTO tb_subway_line_station(subway_line_id, station_id) VALUES(16, 575);
INSERT INTO tb_subway_line_station(subway_line_id, station_id) VALUES(16, 144);
INSERT INTO tb_subway_line_station(subway_line_id, station_id) VALUES(16, 450);
INSERT INTO tb_subway_line_station(subway_line_id, station_id) VALUES(16, 384);
INSERT INTO tb_subway_line_station(subway_line_id, station_id) VALUES(16, 638);
INSERT INTO tb_subway_line_station(subway_line_id, station_id) VALUES(16, 267);
INSERT INTO tb_subway_line_station(subway_line_id, station_id) VALUES(16, 435);
INSERT INTO tb_subway_line_station(subway_line_id, station_id) VALUES(16, 544);
INSERT INTO tb_subway_line_station(subway_line_id, station_id) VALUES(16, 151);
INSERT INTO tb_subway_line_station(subway_line_id, station_id) VALUES(16, 162);
INSERT INTO tb_subway_line_station(subway_line_id, station_id) VALUES(16, 415);
INSERT INTO tb_subway_line_station(subway_line_id, station_id) VALUES(16, 392);
INSERT INTO tb_subway_line_station(subway_line_id, station_id) VALUES(16, 56);
INSERT INTO tb_subway_line_station(subway_line_id, station_id) VALUES(16, 252);
INSERT INTO tb_subway_line_station(subway_line_id, station_id) VALUES(16, 124);
INSERT INTO tb_subway_line_station(subway_line_id, station_id) VALUES(16, 439);
INSERT INTO tb_subway_line_station(subway_line_id, station_id) VALUES(16, 309);
INSERT INTO tb_subway_line_station(subway_line_id, station_id) VALUES(16, 495);
INSERT INTO tb_subway_line_station(subway_line_id, station_id) VALUES(16, 41);
INSERT INTO tb_subway_line_station(subway_line_id, station_id) VALUES(16, 246);
INSERT INTO tb_subway_line_station(subway_line_id, station_id) VALUES(16, 405);
INSERT INTO tb_subway_line_station(subway_line_id, station_id) VALUES(16, 628);
INSERT INTO tb_subway_line_station(subway_line_id, station_id) VALUES(16, 161);
INSERT INTO tb_subway_line_station(subway_line_id, station_id) VALUES(16, 60);
INSERT INTO tb_subway_line_station(subway_line_id, station_id) VALUES(16, 36);
INSERT INTO tb_subway_line_station(subway_line_id, station_id) VALUES(18, 371);
INSERT INTO tb_subway_line_station(subway_line_id, station_id) VALUES(18, 392);
INSERT INTO tb_subway_line_station(subway_line_id, station_id) VALUES(18, 350);
INSERT INTO tb_subway_line_station(subway_line_id, station_id) VALUES(18, 448);
INSERT INTO tb_subway_line_station(subway_line_id, station_id) VALUES(18, 235);
INSERT INTO tb_subway_line_station(subway_line_id, station_id) VALUES(18, 56);
INSERT INTO tb_subway_line_station(subway_line_id, station_id) VALUES(18, 529);
INSERT INTO tb_subway_line_station(subway_line_id, station_id) VALUES(18, 25);
INSERT INTO tb_subway_line_station(subway_line_id, station_id) VALUES(18, 465);
INSERT INTO tb_subway_line_station(subway_line_id, station_id) VALUES(18, 136);
INSERT INTO tb_subway_line_station(subway_line_id, station_id) VALUES(18, 417);
INSERT INTO tb_subway_line_station(subway_line_id, station_id) VALUES(18, 462);
INSERT INTO tb_subway_line_station(subway_line_id, station_id) VALUES(18, 84);
INSERT INTO tb_subway_line_station(subway_line_id, station_id) VALUES(18, 606);
INSERT INTO tb_subway_line_station(subway_line_id, station_id) VALUES(18, 298);
INSERT INTO tb_subway_line_station(subway_line_id, station_id) VALUES(18, 460);
INSERT INTO tb_subway_line_station(subway_line_id, station_id) VALUES(20, 324);
INSERT INTO tb_subway_line_station(subway_line_id, station_id) VALUES(20, 365);
INSERT INTO tb_subway_line_station(subway_line_id, station_id) VALUES(20, 381);
INSERT INTO tb_subway_line_station(subway_line_id, station_id) VALUES(20, 623);
INSERT INTO tb_subway_line_station(subway_line_id, station_id) VALUES(20, 27);
INSERT INTO tb_subway_line_station(subway_line_id, station_id) VALUES(20, 627);
INSERT INTO tb_subway_line_station(subway_line_id, station_id) VALUES(20, 336);
INSERT INTO tb_subway_line_station(subway_line_id, station_id) VALUES(20, 587);
INSERT INTO tb_subway_line_station(subway_line_id, station_id) VALUES(20, 74);
INSERT INTO tb_subway_line_station(subway_line_id, station_id) VALUES(20, 582);
INSERT INTO tb_subway_line_station(subway_line_id, station_id) VALUES(20, 436);
INSERT INTO tb_subway_line_station(subway_line_id, station_id) VALUES(20, 97);
INSERT INTO tb_subway_line_station(subway_line_id, station_id) VALUES(20, 273);

-- ### 제외 데이터

# INSERT INTO tb_subway_line_station(subway_line_id, station_id) VALUES(14, 505);
# INSERT INTO tb_subway_line_station(subway_line_id, station_id) VALUES(14, 32);
# INSERT INTO tb_subway_line_station(subway_line_id, station_id) VALUES(14, 424);
# INSERT INTO tb_subway_line_station(subway_line_id, station_id) VALUES(14, 310);
# INSERT INTO tb_subway_line_station(subway_line_id, station_id) VALUES(14, 489);
# INSERT INTO tb_subway_line_station(subway_line_id, station_id) VALUES(14, 178);
# INSERT INTO tb_subway_line_station(subway_line_id, station_id) VALUES(14, 348);
# INSERT INTO tb_subway_line_station(subway_line_id, station_id) VALUES(14, 370);
# INSERT INTO tb_subway_line_station(subway_line_id, station_id) VALUES(14, 109);
# INSERT INTO tb_subway_line_station(subway_line_id, station_id) VALUES(14, 160);
# INSERT INTO tb_subway_line_station(subway_line_id, station_id) VALUES(17, 620);
# INSERT INTO tb_subway_line_station(subway_line_id, station_id) VALUES(17, 477);
# INSERT INTO tb_subway_line_station(subway_line_id, station_id) VALUES(17, 264);
# INSERT INTO tb_subway_line_station(subway_line_id, station_id) VALUES(17, 51);
# INSERT INTO tb_subway_line_station(subway_line_id, station_id) VALUES(17, 123);
# INSERT INTO tb_subway_line_station(subway_line_id, station_id) VALUES(17, 453);
# INSERT INTO tb_subway_line_station(subway_line_id, station_id) VALUES(17, 243);
# INSERT INTO tb_subway_line_station(subway_line_id, station_id) VALUES(17, 192);
# INSERT INTO tb_subway_line_station(subway_line_id, station_id) VALUES(17, 523);
# INSERT INTO tb_subway_line_station(subway_line_id, station_id) VALUES(17, 504);
# INSERT INTO tb_subway_line_station(subway_line_id, station_id) VALUES(17, 512);
# INSERT INTO tb_subway_line_station(subway_line_id, station_id) VALUES(19, 581);
# INSERT INTO tb_subway_line_station(subway_line_id, station_id) VALUES(19, 140);
# INSERT INTO tb_subway_line_station(subway_line_id, station_id) VALUES(19, 466);
# INSERT INTO tb_subway_line_station(subway_line_id, station_id) VALUES(19, 272);
# INSERT INTO tb_subway_line_station(subway_line_id, station_id) VALUES(19, 358);
# INSERT INTO tb_subway_line_station(subway_line_id, station_id) VALUES(19, 451);
# INSERT INTO tb_subway_line_station(subway_line_id, station_id) VALUES(19, 513);
# INSERT INTO tb_subway_line_station(subway_line_id, station_id) VALUES(19, 24);
# INSERT INTO tb_subway_line_station(subway_line_id, station_id) VALUES(19, 266);
# INSERT INTO tb_subway_line_station(subway_line_id, station_id) VALUES(19, 46);
# INSERT INTO tb_subway_line_station(subway_line_id, station_id) VALUES(19, 44);
# INSERT INTO tb_subway_line_station(subway_line_id, station_id) VALUES(19, 217);
# INSERT INTO tb_subway_line_station(subway_line_id, station_id) VALUES(19, 65);
# INSERT INTO tb_subway_line_station(subway_line_id, station_id) VALUES(19, 599);
# INSERT INTO tb_subway_line_station(subway_line_id, station_id) VALUES(19, 31);
# INSERT INTO tb_subway_line_station(subway_line_id, station_id) VALUES(21, 250);
# INSERT INTO tb_subway_line_station(subway_line_id, station_id) VALUES(21, 182);
# INSERT INTO tb_subway_line_station(subway_line_id, station_id) VALUES(21, 108);
# INSERT INTO tb_subway_line_station(subway_line_id, station_id) VALUES(21, 110);
# INSERT INTO tb_subway_line_station(subway_line_id, station_id) VALUES(21, 467);
# INSERT INTO tb_subway_line_station(subway_line_id, station_id) VALUES(21, 221);
# INSERT INTO tb_subway_line_station(subway_line_id, station_id) VALUES(21, 493);
# INSERT INTO tb_subway_line_station(subway_line_id, station_id) VALUES(21, 156);
# INSERT INTO tb_subway_line_station(subway_line_id, station_id) VALUES(21, 152);
# INSERT INTO tb_subway_line_station(subway_line_id, station_id) VALUES(21, 402);
# INSERT INTO tb_subway_line_station(subway_line_id, station_id) VALUES(21, 472);
# INSERT INTO tb_subway_line_station(subway_line_id, station_id) VALUES(21, 490);
# INSERT INTO tb_subway_line_station(subway_line_id, station_id) VALUES(21, 509);
# INSERT INTO tb_subway_line_station(subway_line_id, station_id) VALUES(21, 635);
# INSERT INTO tb_subway_line_station(subway_line_id, station_id) VALUES(21, 261);
# INSERT INTO tb_subway_line_station(subway_line_id, station_id) VALUES(22, 197);
# INSERT INTO tb_subway_line_station(subway_line_id, station_id) VALUES(22, 93);
# INSERT INTO tb_subway_line_station(subway_line_id, station_id) VALUES(22, 364);
# INSERT INTO tb_subway_line_station(subway_line_id, station_id) VALUES(22, 366);
# INSERT INTO tb_subway_line_station(subway_line_id, station_id) VALUES(22, 539);
# INSERT INTO tb_subway_line_station(subway_line_id, station_id) VALUES(22, 3);
# INSERT INTO tb_subway_line_station(subway_line_id, station_id) VALUES(22, 614);
# INSERT INTO tb_subway_line_station(subway_line_id, station_id) VALUES(22, 59);
# INSERT INTO tb_subway_line_station(subway_line_id, station_id) VALUES(22, 345);
# INSERT INTO tb_subway_line_station(subway_line_id, station_id) VALUES(22, 362);
# INSERT INTO tb_subway_line_station(subway_line_id, station_id) VALUES(22, 19);
# INSERT INTO tb_subway_line_station(subway_line_id, station_id) VALUES(22, 2);
# INSERT INTO tb_subway_line_station(subway_line_id, station_id) VALUES(22, 530);
# INSERT INTO tb_subway_line_station(subway_line_id, station_id) VALUES(22, 304);
# INSERT INTO tb_subway_line_station(subway_line_id, station_id) VALUES(22, 538);
# INSERT INTO tb_subway_line_station(subway_line_id, station_id) VALUES(22, 85);
# INSERT INTO tb_subway_line_station(subway_line_id, station_id) VALUES(22, 573);
# INSERT INTO tb_subway_line_station(subway_line_id, station_id) VALUES(22, 101);
# INSERT INTO tb_subway_line_station(subway_line_id, station_id) VALUES(22, 401);
# INSERT INTO tb_subway_line_station(subway_line_id, station_id) VALUES(22, 478);
# INSERT INTO tb_subway_line_station(subway_line_id, station_id) VALUES(22, 428);
# INSERT INTO tb_subway_line_station(subway_line_id, station_id) VALUES(22, 167);
# INSERT INTO tb_subway_line_station(subway_line_id, station_id) VALUES(22, 461);
# INSERT INTO tb_subway_line_station(subway_line_id, station_id) VALUES(22, 551);
# INSERT INTO tb_subway_line_station(subway_line_id, station_id) VALUES(22, 14);
# INSERT INTO tb_subway_line_station(subway_line_id, station_id) VALUES(22, 541);
# INSERT INTO tb_subway_line_station(subway_line_id, station_id) VALUES(22, 434);
# INSERT INTO tb_subway_line_station(subway_line_id, station_id) VALUES(23, 316);
# INSERT INTO tb_subway_line_station(subway_line_id, station_id) VALUES(23, 482);
# INSERT INTO tb_subway_line_station(subway_line_id, station_id) VALUES(23, 57);
# INSERT INTO tb_subway_line_station(subway_line_id, station_id) VALUES(23, 542);
# INSERT INTO tb_subway_line_station(subway_line_id, station_id) VALUES(23, 622);
# INSERT INTO tb_subway_line_station(subway_line_id, station_id) VALUES(23, 133);
# INSERT INTO tb_subway_line_station(subway_line_id, station_id) VALUES(23, 28);
# INSERT INTO tb_subway_line_station(subway_line_id, station_id) VALUES(23, 277);
# INSERT INTO tb_subway_line_station(subway_line_id, station_id) VALUES(23, 29);
# INSERT INTO tb_subway_line_station(subway_line_id, station_id) VALUES(23, 518);
# INSERT INTO tb_subway_line_station(subway_line_id, station_id) VALUES(23, 354);
# INSERT INTO tb_subway_line_station(subway_line_id, station_id) VALUES(23, 547);
# INSERT INTO tb_subway_line_station(subway_line_id, station_id) VALUES(23, 331);
# INSERT INTO tb_subway_line_station(subway_line_id, station_id) VALUES(23, 7);
# INSERT INTO tb_subway_line_station(subway_line_id, station_id) VALUES(23, 289);
# INSERT INTO tb_subway_line_station(subway_line_id, station_id) VALUES(23, 549);
# INSERT INTO tb_subway_line_station(subway_line_id, station_id) VALUES(23, 227);
# INSERT INTO tb_subway_line_station(subway_line_id, station_id) VALUES(23, 639);
# INSERT INTO tb_subway_line_station(subway_line_id, station_id) VALUES(23, 282);
# INSERT INTO tb_subway_line_station(subway_line_id, station_id) VALUES(23, 431);
# INSERT INTO tb_subway_line_station(subway_line_id, station_id) VALUES(23, 541);
# INSERT INTO tb_subway_line_station(subway_line_id, station_id) VALUES(23, 633);
# INSERT INTO tb_subway_line_station(subway_line_id, station_id) VALUES(23, 96);
# INSERT INTO tb_subway_line_station(subway_line_id, station_id) VALUES(23, 91);
# INSERT INTO tb_subway_line_station(subway_line_id, station_id) VALUES(23, 317);
# INSERT INTO tb_subway_line_station(subway_line_id, station_id) VALUES(23, 224);
# INSERT INTO tb_subway_line_station(subway_line_id, station_id) VALUES(23, 236);
# INSERT INTO tb_subway_line_station(subway_line_id, station_id) VALUES(23, 239);
# INSERT INTO tb_subway_line_station(subway_line_id, station_id) VALUES(23, 305);
# INSERT INTO tb_subway_line_station(subway_line_id, station_id) VALUES(23, 196);