INSERT INTO tb_member(nickname, provider_user_id, provider, region_type, email, gender, age_range) values('세미', '22012412', 'KAKAO', 'METROPOLITAN', 'ss@naver.com', 'MALE', '20');

INSERT INTO tb_category(name) values('가방');
INSERT INTO tb_category(name) values('귀금속');
INSERT INTO tb_category(name) values('도서용품');
INSERT INTO tb_category(name) values('서류');
INSERT INTO tb_category(name) values('산업용품');
INSERT INTO tb_category(name) values('쇼핑백');
INSERT INTO tb_category(name) values('스포츠용품');
INSERT INTO tb_category(name) values('악기');
INSERT INTO tb_category(name) values('의류');
INSERT INTO tb_category(name) values('자동차');
INSERT INTO tb_category(name) values('전자기기');
INSERT INTO tb_category(name) values('지갑');
INSERT INTO tb_category(name) values('증명서');
INSERT INTO tb_category(name) values('컴퓨터');
INSERT INTO tb_category(name) values('카드');
INSERT INTO tb_category(name) values('현금');
INSERT INTO tb_category(name) values('휴대폰');
INSERT INTO tb_category(name) values('기타물품');

-- # WARNING
-- Don't touch the contents below.

-- ## 지하철 노선

INSERT INTO tb_subway_line(subway_line_id, name, region_type, phone_number, identity) VALUES (1, '1호선', 'METROPOLITAN', '02-000-0000', 1001);
INSERT INTO tb_subway_line(subway_line_id, name, region_type, phone_number, identity) VALUES (2, '2호선', 'METROPOLITAN', '02-000-0000', 1002);
INSERT INTO tb_subway_line(subway_line_id, name, region_type, phone_number, identity) VALUES (3, '3호선', 'METROPOLITAN', '02-000-0000', 1003);
INSERT INTO tb_subway_line(subway_line_id, name, region_type, phone_number, identity) VALUES (4, '4호선', 'METROPOLITAN', '02-000-0000', 1004);
INSERT INTO tb_subway_line(subway_line_id, name, region_type, phone_number, identity) VALUES (5, '5호선', 'METROPOLITAN', '02-000-0000', 1005);
INSERT INTO tb_subway_line(subway_line_id, name, region_type, phone_number, identity) VALUES (6, '6호선', 'METROPOLITAN', '02-000-0000', 1006);
INSERT INTO tb_subway_line(subway_line_id, name, region_type, phone_number, identity) VALUES (7, '7호선', 'METROPOLITAN', '02-000-0000', 1007);
INSERT INTO tb_subway_line(subway_line_id, name, region_type, phone_number, identity) VALUES (8, '8호선', 'METROPOLITAN', '02-000-0000', 1008);
INSERT INTO tb_subway_line(subway_line_id, name, region_type, phone_number, identity) VALUES (9, '9호선', 'METROPOLITAN', '02-000-0000', 1009);
INSERT INTO tb_subway_line(subway_line_id, name, region_type, phone_number, identity) VALUES (10, '경강선', 'METROPOLITAN', '02-000-0000', 1081);
INSERT INTO tb_subway_line(subway_line_id, name, region_type, phone_number, identity) VALUES (11, '경의중앙선', 'METROPOLITAN', '02-000-0000', 1063);
INSERT INTO tb_subway_line(subway_line_id, name, region_type, phone_number, identity) VALUES (12, '경춘선', 'METROPOLITAN', '02-000-0000', 1067);
INSERT INTO tb_subway_line(subway_line_id, name, region_type, phone_number, identity) VALUES (13, '공항철도', 'METROPOLITAN', '02-000-0000', 1065);
INSERT INTO tb_subway_line(subway_line_id, name, region_type, phone_number, identity) VALUES (15, '서해선', 'METROPOLITAN', '02-000-0000', 1093);
INSERT INTO tb_subway_line(subway_line_id, name, region_type, phone_number, identity) VALUES (16, '수인분당선', 'METROPOLITAN', '02-000-0000', 1075);
INSERT INTO tb_subway_line(subway_line_id, name, region_type, phone_number, identity) VALUES (18, '신분당선', 'METROPOLITAN', '02-000-0000', 1077);
INSERT INTO tb_subway_line(subway_line_id, name, region_type, phone_number, identity) VALUES (20, '우이신설경전철', 'METROPOLITAN', '02-000-0000', 1092);

-- ### 제외 데이터
-- INSERT INTO tb_subway_line(subway_line_id, name, region_type, phone_number, identity) VALUES (14, '김포도시철도', 'METROPOLITAN', '02-000-0000');
-- INSERT INTO tb_subway_line(subway_line_id, name, region_type, phone_number, identity) VALUES (17, '신림선', 'METROPOLITAN', '02-000-0000');
-- INSERT INTO tb_subway_line(subway_line_id, name, region_type, phone_number, identity) VALUES (19, '용인경전철', 'METROPOLITAN', '02-000-0000');
-- INSERT INTO tb_subway_line(subway_line_id, name, region_type, phone_number, identity) VALUES (21, '의정부경전철', 'METROPOLITAN', '02-000-0000');
-- INSERT INTO tb_subway_line(subway_line_id, name, region_type, phone_number, identity) VALUES (22, '인천2호선', 'METROPOLITAN', '02-000-0000');
-- INSERT INTO tb_subway_line(subway_line_id, name, region_type, phone_number, identity VALUES (23, '인천선', 'METROPOLITAN', '02-000-0000');


-- ## 지하철 번호

-- # 1호선
INSERT INTO tb_train(prefix_train_no, subway_line_id) values('0', 1);
INSERT INTO tb_train(prefix_train_no, subway_line_id) values('K', 1);
INSERT INTO tb_train(prefix_train_no, subway_line_id) values('S', 1);
INSERT INTO tb_train(prefix_train_no, subway_line_id) values('1', 1);
INSERT INTO tb_train(prefix_train_no, subway_line_id) values('311', 1);
INSERT INTO tb_train(prefix_train_no, subway_line_id) values('312', 1);
INSERT INTO tb_train(prefix_train_no, subway_line_id) values('319', 1);
INSERT INTO tb_train(prefix_train_no, subway_line_id) values('341', 1);

-- # 2 ~ 9호선
INSERT INTO tb_train(prefix_train_no, subway_line_id) values('2', 2);
INSERT INTO tb_train(prefix_train_no, subway_line_id) values('3', 3);
INSERT INTO tb_train(prefix_train_no, subway_line_id) values('4', 4);
INSERT INTO tb_train(prefix_train_no, subway_line_id) values('5', 5);
INSERT INTO tb_train(prefix_train_no, subway_line_id) values('6', 6);
INSERT INTO tb_train(prefix_train_no, subway_line_id) values('7', 7);
INSERT INTO tb_train(prefix_train_no, subway_line_id) values('8', 8);
INSERT INTO tb_train(prefix_train_no, subway_line_id) values('9', 9);

-- # 신분당선
INSERT INTO tb_train(prefix_train_no, subway_line_id) values('D01', 18);
INSERT INTO tb_train(prefix_train_no, subway_line_id) values('D02', 18);
INSERT INTO tb_train(prefix_train_no, subway_line_id) values('D03', 18);
INSERT INTO tb_train(prefix_train_no, subway_line_id) values('D04', 18);
INSERT INTO tb_train(prefix_train_no, subway_line_id) values('D05', 18);
INSERT INTO tb_train(prefix_train_no, subway_line_id) values('D06', 18);
INSERT INTO tb_train(prefix_train_no, subway_line_id) values('D07', 18);
INSERT INTO tb_train(prefix_train_no, subway_line_id) values('D08', 18);
INSERT INTO tb_train(prefix_train_no, subway_line_id) values('D09', 18);
INSERT INTO tb_train(prefix_train_no, subway_line_id) values('D10', 18);
INSERT INTO tb_train(prefix_train_no, subway_line_id) values('D11', 18);
INSERT INTO tb_train(prefix_train_no, subway_line_id) values('D12', 18);
INSERT INTO tb_train(prefix_train_no, subway_line_id) values('D13', 18);
INSERT INTO tb_train(prefix_train_no, subway_line_id) values('D14', 18);
INSERT INTO tb_train(prefix_train_no, subway_line_id) values('D15', 18);
INSERT INTO tb_train(prefix_train_no, subway_line_id) values('D16', 18);
INSERT INTO tb_train(prefix_train_no, subway_line_id) values('D17', 18);
INSERT INTO tb_train(prefix_train_no, subway_line_id) values('D18', 18);
INSERT INTO tb_train(prefix_train_no, subway_line_id) values('D19', 18);
INSERT INTO tb_train(prefix_train_no, subway_line_id) values('D20', 18);
INSERT INTO tb_train(prefix_train_no, subway_line_id) values('D21', 18);
INSERT INTO tb_train(prefix_train_no, subway_line_id) values('D22', 18);
INSERT INTO tb_train(prefix_train_no, subway_line_id) values('D23', 18);

-- # 수인분당선
INSERT INTO tb_train(prefix_train_no, subway_line_id) values('351', 16);

-- # 경의중앙선
INSERT INTO tb_train(prefix_train_no, subway_line_id) values('321', 11);
INSERT INTO tb_train(prefix_train_no, subway_line_id) values('331', 11);

-- # 우이신설선
INSERT INTO tb_train(prefix_train_no, subway_line_id) values('UL', 20);

-- ## 지하철 노선 정류장

INSERT INTO tb_station(station_id, name) VALUES (1, '청명');
INSERT INTO tb_station(station_id, name) VALUES (2, '고색');
INSERT INTO tb_station(station_id, name) VALUES (3, '성복');
INSERT INTO tb_station(station_id, name) VALUES (4, '솔샘');
INSERT INTO tb_station(station_id, name) VALUES (5, '운동장.송담대');
INSERT INTO tb_station(station_id, name) VALUES (6, '삼성중앙');
INSERT INTO tb_station(station_id, name) VALUES (7, '구의');
INSERT INTO tb_station(station_id, name) VALUES (8, '구로');
INSERT INTO tb_station(station_id, name) VALUES (9, '남동구청');
INSERT INTO tb_station(station_id, name) VALUES (10, '굽은다리');
INSERT INTO tb_station(station_id, name) VALUES (11, '임학');
INSERT INTO tb_station(station_id, name) VALUES (12, '팔당');
INSERT INTO tb_station(station_id, name) VALUES (13, '약수');
INSERT INTO tb_station(station_id, name) VALUES (14, '석남');
INSERT INTO tb_station(station_id, name) VALUES (15, '능곡');
INSERT INTO tb_station(station_id, name) VALUES (16, '신림');
INSERT INTO tb_station(station_id, name) VALUES (17, '문래');
INSERT INTO tb_station(station_id, name) VALUES (18, '이태원');
INSERT INTO tb_station(station_id, name) VALUES (19, '인천시청');
INSERT INTO tb_station(station_id, name) VALUES (20, '답십리');
INSERT INTO tb_station(station_id, name) VALUES (21, '화곡');
INSERT INTO tb_station(station_id, name) VALUES (22, '곤제');
INSERT INTO tb_station(station_id, name) VALUES (23, '마두');
INSERT INTO tb_station(station_id, name) VALUES (24, '마전');
INSERT INTO tb_station(station_id, name) VALUES (25, '운서');
INSERT INTO tb_station(station_id, name) VALUES (26, '우장산');
INSERT INTO tb_station(station_id, name) VALUES (27, '역곡');
INSERT INTO tb_station(station_id, name) VALUES (28, '공덕');
INSERT INTO tb_station(station_id, name) VALUES (29, '고촌');
INSERT INTO tb_station(station_id, name) VALUES (30, '서정리');
INSERT INTO tb_station(station_id, name) VALUES (31, '풍무');
INSERT INTO tb_station(station_id, name) VALUES (32, '신풍');
INSERT INTO tb_station(station_id, name) VALUES (33, '까치울');
INSERT INTO tb_station(station_id, name) VALUES (34, '동백');
INSERT INTO tb_station(station_id, name) VALUES (35, '명동');
INSERT INTO tb_station(station_id, name) VALUES (36, '동두천');
INSERT INTO tb_station(station_id, name) VALUES (37, '개화산');
INSERT INTO tb_station(station_id, name) VALUES (38, '학동');
INSERT INTO tb_station(station_id, name) VALUES (39, '평내호평');
INSERT INTO tb_station(station_id, name) VALUES (40, '장암');
INSERT INTO tb_station(station_id, name) VALUES (41, '종로3가');
INSERT INTO tb_station(station_id, name) VALUES (42, '완정');
INSERT INTO tb_station(station_id, name) VALUES (43, '원덕');
INSERT INTO tb_station(station_id, name) VALUES (44, '강촌');
INSERT INTO tb_station(station_id, name) VALUES (45, '퇴계원');
INSERT INTO tb_station(station_id, name) VALUES (46, '공항시장');
INSERT INTO tb_station(station_id, name) VALUES (47, '광나루');
INSERT INTO tb_station(station_id, name) VALUES (48, '사평');
INSERT INTO tb_station(station_id, name) VALUES (49, '신답');
INSERT INTO tb_station(station_id, name) VALUES (50, '화전');
INSERT INTO tb_station(station_id, name) VALUES (51, '송파나루');
INSERT INTO tb_station(station_id, name) VALUES (52, '국제업무지구');
INSERT INTO tb_station(station_id, name) VALUES (53, '이수');
INSERT INTO tb_station(station_id, name) VALUES (54, '4·19민주묘지');
INSERT INTO tb_station(station_id, name) VALUES (55, '상계');
INSERT INTO tb_station(station_id, name) VALUES (56, '흥선');
INSERT INTO tb_station(station_id, name) VALUES (57, '선바위');
INSERT INTO tb_station(station_id, name) VALUES (58, '강매');
INSERT INTO tb_station(station_id, name) VALUES (59, '화계');
INSERT INTO tb_station(station_id, name) VALUES (60, '숭의');
INSERT INTO tb_station(station_id, name) VALUES (61, '종로5가');
INSERT INTO tb_station(station_id, name) VALUES (62, '시민공원');
INSERT INTO tb_station(station_id, name) VALUES (63, '경찰병원');
INSERT INTO tb_station(station_id, name) VALUES (64, '연수');
INSERT INTO tb_station(station_id, name) VALUES (65, '서초');
INSERT INTO tb_station(station_id, name) VALUES (66, '뚝섬');
INSERT INTO tb_station(station_id, name) VALUES (67, '고잔');
INSERT INTO tb_station(station_id, name) VALUES (68, '춘천');
INSERT INTO tb_station(station_id, name) VALUES (69, '인천');
INSERT INTO tb_station(station_id, name) VALUES (70, '신연수');
INSERT INTO tb_station(station_id, name) VALUES (71, '발산');
INSERT INTO tb_station(station_id, name) VALUES (72, '달월');
INSERT INTO tb_station(station_id, name) VALUES (73, '당곡');
INSERT INTO tb_station(station_id, name) VALUES (74, '센트럴파크');
INSERT INTO tb_station(station_id, name) VALUES (75, '회룡');
INSERT INTO tb_station(station_id, name) VALUES (76, '잠실');
INSERT INTO tb_station(station_id, name) VALUES (77, '거여');
INSERT INTO tb_station(station_id, name) VALUES (78, '압구정로데오');
INSERT INTO tb_station(station_id, name) VALUES (79, '원당');
INSERT INTO tb_station(station_id, name) VALUES (80, '보산');
INSERT INTO tb_station(station_id, name) VALUES (81, '매봉');
INSERT INTO tb_station(station_id, name) VALUES (82, '관악');
INSERT INTO tb_station(station_id, name) VALUES (83, '오이도');
INSERT INTO tb_station(station_id, name) VALUES (84, '초당');
INSERT INTO tb_station(station_id, name) VALUES (85, '소요산');
INSERT INTO tb_station(station_id, name) VALUES (86, '시흥시청');
INSERT INTO tb_station(station_id, name) VALUES (87, '봉천');
INSERT INTO tb_station(station_id, name) VALUES (88, '학여울');
INSERT INTO tb_station(station_id, name) VALUES (89, '시청.용인대');
INSERT INTO tb_station(station_id, name) VALUES (90, '미아사거리');
INSERT INTO tb_station(station_id, name) VALUES (91, '춘의');
INSERT INTO tb_station(station_id, name) VALUES (92, '금호');
INSERT INTO tb_station(station_id, name) VALUES (93, '구파발');
INSERT INTO tb_station(station_id, name) VALUES (94, '별내별가람');
INSERT INTO tb_station(station_id, name) VALUES (95, '송탄');
INSERT INTO tb_station(station_id, name) VALUES (96, '온수');
INSERT INTO tb_station(station_id, name) VALUES (97, '홍대입구');
INSERT INTO tb_station(station_id, name) VALUES (98, '모래내시장');
INSERT INTO tb_station(station_id, name) VALUES (99, '수유');
INSERT INTO tb_station(station_id, name) VALUES (100, '사가정');
INSERT INTO tb_station(station_id, name) VALUES (101, '오빈');
INSERT INTO tb_station(station_id, name) VALUES (102, '임진강');
INSERT INTO tb_station(station_id, name) VALUES (103, '일산');
INSERT INTO tb_station(station_id, name) VALUES (104, '사리');
INSERT INTO tb_station(station_id, name) VALUES (105, '북한산우이');
INSERT INTO tb_station(station_id, name) VALUES (106, '산곡');
INSERT INTO tb_station(station_id, name) VALUES (107, '한티');
INSERT INTO tb_station(station_id, name) VALUES (108, '신도림');
INSERT INTO tb_station(station_id, name) VALUES (109, '봉은사');
INSERT INTO tb_station(station_id, name) VALUES (110, '선릉');
INSERT INTO tb_station(station_id, name) VALUES (111, '송파');
INSERT INTO tb_station(station_id, name) VALUES (112, '대성리');
INSERT INTO tb_station(station_id, name) VALUES (113, '노량진');
INSERT INTO tb_station(station_id, name) VALUES (114, '종각');
INSERT INTO tb_station(station_id, name) VALUES (115, '양정');
INSERT INTO tb_station(station_id, name) VALUES (116, '석천사거리');
INSERT INTO tb_station(station_id, name) VALUES (117, '올림픽공원');
INSERT INTO tb_station(station_id, name) VALUES (118, '돌곶이');
INSERT INTO tb_station(station_id, name) VALUES (119, '동작');
INSERT INTO tb_station(station_id, name) VALUES (120, '양원');
INSERT INTO tb_station(station_id, name) VALUES (121, '가천대');
INSERT INTO tb_station(station_id, name) VALUES (122, '서현');
INSERT INTO tb_station(station_id, name) VALUES (123, '백석');
INSERT INTO tb_station(station_id, name) VALUES (124, '충정로');
INSERT INTO tb_station(station_id, name) VALUES (125, '서울숲');
INSERT INTO tb_station(station_id, name) VALUES (126, '인천공항1터미널');
INSERT INTO tb_station(station_id, name) VALUES (127, '교대');
INSERT INTO tb_station(station_id, name) VALUES (128, '송산');
INSERT INTO tb_station(station_id, name) VALUES (129, '달미');
INSERT INTO tb_station(station_id, name) VALUES (130, '오목천');
INSERT INTO tb_station(station_id, name) VALUES (131, '인천대공원');
INSERT INTO tb_station(station_id, name) VALUES (132, '광화문');
INSERT INTO tb_station(station_id, name) VALUES (133, '대흥');
INSERT INTO tb_station(station_id, name) VALUES (134, '광흥창');
INSERT INTO tb_station(station_id, name) VALUES (135, '삼각지');
INSERT INTO tb_station(station_id, name) VALUES (136, '개포동');
INSERT INTO tb_station(station_id, name) VALUES (137, '새말');
INSERT INTO tb_station(station_id, name) VALUES (138, '방배');
INSERT INTO tb_station(station_id, name) VALUES (139, '매탄권선');
INSERT INTO tb_station(station_id, name) VALUES (140, '상록수');
INSERT INTO tb_station(station_id, name) VALUES (141, '지평');
INSERT INTO tb_station(station_id, name) VALUES (142, '삼가');
INSERT INTO tb_station(station_id, name) VALUES (143, '망우');
INSERT INTO tb_station(station_id, name) VALUES (144, '한성대입구');
INSERT INTO tb_station(station_id, name) VALUES (145, '수원시청');
INSERT INTO tb_station(station_id, name) VALUES (146, '시흥대야');
INSERT INTO tb_station(station_id, name) VALUES (147, '신금호');
INSERT INTO tb_station(station_id, name) VALUES (148, '삼동');
INSERT INTO tb_station(station_id, name) VALUES (149, '성신여대입구');
INSERT INTO tb_station(station_id, name) VALUES (150, '정왕');
INSERT INTO tb_station(station_id, name) VALUES (151, '안암');
INSERT INTO tb_station(station_id, name) VALUES (152, '강동구청');
INSERT INTO tb_station(station_id, name) VALUES (153, '노들');
INSERT INTO tb_station(station_id, name) VALUES (154, '장기');
INSERT INTO tb_station(station_id, name) VALUES (155, '야목');
INSERT INTO tb_station(station_id, name) VALUES (156, '영등포');
INSERT INTO tb_station(station_id, name) VALUES (157, '제물포');
INSERT INTO tb_station(station_id, name) VALUES (158, '성균관대');
INSERT INTO tb_station(station_id, name) VALUES (159, '백마');
INSERT INTO tb_station(station_id, name) VALUES (160, '남동인더스파크');
INSERT INTO tb_station(station_id, name) VALUES (161, '정자');
INSERT INTO tb_station(station_id, name) VALUES (162, '서원');
INSERT INTO tb_station(station_id, name) VALUES (163, '흑석');
INSERT INTO tb_station(station_id, name) VALUES (164, '보문');
INSERT INTO tb_station(station_id, name) VALUES (165, '서울지방병무청');
INSERT INTO tb_station(station_id, name) VALUES (166, '버티고개');
INSERT INTO tb_station(station_id, name) VALUES (167, '보정');
INSERT INTO tb_station(station_id, name) VALUES (168, '서빙고');
INSERT INTO tb_station(station_id, name) VALUES (169, '대모산입구');
INSERT INTO tb_station(station_id, name) VALUES (170, '온양온천');
INSERT INTO tb_station(station_id, name) VALUES (171, '망포');
INSERT INTO tb_station(station_id, name) VALUES (172, '수원');
INSERT INTO tb_station(station_id, name) VALUES (173, '청담');
INSERT INTO tb_station(station_id, name) VALUES (174, '경기광주');
INSERT INTO tb_station(station_id, name) VALUES (175, '오류동');
INSERT INTO tb_station(station_id, name) VALUES (176, '상수');
INSERT INTO tb_station(station_id, name) VALUES (177, '동춘');
INSERT INTO tb_station(station_id, name) VALUES (178, '영종');
INSERT INTO tb_station(station_id, name) VALUES (179, '동수');
INSERT INTO tb_station(station_id, name) VALUES (180, '서울대입구');
INSERT INTO tb_station(station_id, name) VALUES (181, '사릉');
INSERT INTO tb_station(station_id, name) VALUES (182, '응암');
INSERT INTO tb_station(station_id, name) VALUES (183, '고덕');
INSERT INTO tb_station(station_id, name) VALUES (184, '청량리');
INSERT INTO tb_station(station_id, name) VALUES (185, '탑석');
INSERT INTO tb_station(station_id, name) VALUES (186, '영등포구청');
INSERT INTO tb_station(station_id, name) VALUES (187, '죽전');
INSERT INTO tb_station(station_id, name) VALUES (188, '마곡');
INSERT INTO tb_station(station_id, name) VALUES (189, '서동탄');
INSERT INTO tb_station(station_id, name) VALUES (190, '철산');
INSERT INTO tb_station(station_id, name) VALUES (191, '양수');
INSERT INTO tb_station(station_id, name) VALUES (192, '기흥');
INSERT INTO tb_station(station_id, name) VALUES (193, '강변');
INSERT INTO tb_station(station_id, name) VALUES (194, '언주');
INSERT INTO tb_station(station_id, name) VALUES (195, '영통');
INSERT INTO tb_station(station_id, name) VALUES (196, '한대앞');
INSERT INTO tb_station(station_id, name) VALUES (197, '곤지암');
INSERT INTO tb_station(station_id, name) VALUES (198, '숙대입구');
INSERT INTO tb_station(station_id, name) VALUES (199, '석촌고분');
INSERT INTO tb_station(station_id, name) VALUES (200, '작전');
INSERT INTO tb_station(station_id, name) VALUES (201, '디지털미디어시티');
INSERT INTO tb_station(station_id, name) VALUES (202, '풍산');
INSERT INTO tb_station(station_id, name) VALUES (203, '마포구청');
INSERT INTO tb_station(station_id, name) VALUES (204, '가오리');
INSERT INTO tb_station(station_id, name) VALUES (205, '신대방');
INSERT INTO tb_station(station_id, name) VALUES (206, '아신');
INSERT INTO tb_station(station_id, name) VALUES (207, '한남');
INSERT INTO tb_station(station_id, name) VALUES (208, '가정');
INSERT INTO tb_station(station_id, name) VALUES (209, '상왕십리');
INSERT INTO tb_station(station_id, name) VALUES (210, '발곡');
INSERT INTO tb_station(station_id, name) VALUES (211, '중앙보훈병원');
INSERT INTO tb_station(station_id, name) VALUES (212, '삼산체육관');
INSERT INTO tb_station(station_id, name) VALUES (213, '양재');
INSERT INTO tb_station(station_id, name) VALUES (214, '석촌');
INSERT INTO tb_station(station_id, name) VALUES (215, '외대앞');
INSERT INTO tb_station(station_id, name) VALUES (216, '천왕');
INSERT INTO tb_station(station_id, name) VALUES (217, '정발산');
INSERT INTO tb_station(station_id, name) VALUES (218, '간석');
INSERT INTO tb_station(station_id, name) VALUES (219, '왕십리');
INSERT INTO tb_station(station_id, name) VALUES (220, '가양');
INSERT INTO tb_station(station_id, name) VALUES (221, '미사');
INSERT INTO tb_station(station_id, name) VALUES (222, '안산');
INSERT INTO tb_station(station_id, name) VALUES (223, '보평');
INSERT INTO tb_station(station_id, name) VALUES (224, '일원');
INSERT INTO tb_station(station_id, name) VALUES (225, '건대입구');
INSERT INTO tb_station(station_id, name) VALUES (226, '낙성대');
INSERT INTO tb_station(station_id, name) VALUES (227, '서부여성회관');
INSERT INTO tb_station(station_id, name) VALUES (228, '어정');
INSERT INTO tb_station(station_id, name) VALUES (229, '호구포');
INSERT INTO tb_station(station_id, name) VALUES (230, '옥수');
INSERT INTO tb_station(station_id, name) VALUES (231, '반포');
INSERT INTO tb_station(station_id, name) VALUES (232, '모란');
INSERT INTO tb_station(station_id, name) VALUES (233, '양평');
INSERT INTO tb_station(station_id, name) VALUES (234, '광교');
INSERT INTO tb_station(station_id, name) VALUES (235, '강남대');
INSERT INTO tb_station(station_id, name) VALUES (236, '신창');
INSERT INTO tb_station(station_id, name) VALUES (237, '노원');
INSERT INTO tb_station(station_id, name) VALUES (238, '신촌');
INSERT INTO tb_station(station_id, name) VALUES (239, '지석');
INSERT INTO tb_station(station_id, name) VALUES (240, '구반포');
INSERT INTO tb_station(station_id, name) VALUES (241, '증산');
INSERT INTO tb_station(station_id, name) VALUES (242, '응봉');
INSERT INTO tb_station(station_id, name) VALUES (243, '태평');
INSERT INTO tb_station(station_id, name) VALUES (244, '대청');
INSERT INTO tb_station(station_id, name) VALUES (245, '배방');
INSERT INTO tb_station(station_id, name) VALUES (246, '영등포시장');
INSERT INTO tb_station(station_id, name) VALUES (247, '신현');
INSERT INTO tb_station(station_id, name) VALUES (248, '길동');
INSERT INTO tb_station(station_id, name) VALUES (249, '동암');
INSERT INTO tb_station(station_id, name) VALUES (250, '선학');
INSERT INTO tb_station(station_id, name) VALUES (251, '몽촌토성');
INSERT INTO tb_station(station_id, name) VALUES (252, '야탑');
INSERT INTO tb_station(station_id, name) VALUES (253, '원흥');
INSERT INTO tb_station(station_id, name) VALUES (254, '간석오거리');
INSERT INTO tb_station(station_id, name) VALUES (255, '검바위');
INSERT INTO tb_station(station_id, name) VALUES (256, '양천구청');
INSERT INTO tb_station(station_id, name) VALUES (257, '굴포천');
INSERT INTO tb_station(station_id, name) VALUES (258, '마석');
INSERT INTO tb_station(station_id, name) VALUES (259, '금천구청');
INSERT INTO tb_station(station_id, name) VALUES (260, '관악산');
INSERT INTO tb_station(station_id, name) VALUES (261, '종합운동장');
INSERT INTO tb_station(station_id, name) VALUES (262, '평촌');
INSERT INTO tb_station(station_id, name) VALUES (263, '한강진');
INSERT INTO tb_station(station_id, name) VALUES (264, '아시아드경기장');
INSERT INTO tb_station(station_id, name) VALUES (265, '동막');
INSERT INTO tb_station(station_id, name) VALUES (266, '신용산');
INSERT INTO tb_station(station_id, name) VALUES (267, '화랑대');
INSERT INTO tb_station(station_id, name) VALUES (268, '세종대왕릉');
INSERT INTO tb_station(station_id, name) VALUES (269, '구로디지털단지');
INSERT INTO tb_station(station_id, name) VALUES (270, '행신');
INSERT INTO tb_station(station_id, name) VALUES (271, '여의나루');
INSERT INTO tb_station(station_id, name) VALUES (272, '광교중앙');
INSERT INTO tb_station(station_id, name) VALUES (273, '덕소');
INSERT INTO tb_station(station_id, name) VALUES (274, '총신대입구');
INSERT INTO tb_station(station_id, name) VALUES (275, '둔전');
INSERT INTO tb_station(station_id, name) VALUES (276, '문학경기장');
INSERT INTO tb_station(station_id, name) VALUES (277, '부천시청');
INSERT INTO tb_station(station_id, name) VALUES (278, '양천향교');
INSERT INTO tb_station(station_id, name) VALUES (279, '등촌');
INSERT INTO tb_station(station_id, name) VALUES (280, '월계');
INSERT INTO tb_station(station_id, name) VALUES (281, '운연');
INSERT INTO tb_station(station_id, name) VALUES (282, '남부터미널');
INSERT INTO tb_station(station_id, name) VALUES (283, '초지');
INSERT INTO tb_station(station_id, name) VALUES (284, '용마산');
INSERT INTO tb_station(station_id, name) VALUES (285, '덕계');
INSERT INTO tb_station(station_id, name) VALUES (286, '범골');
INSERT INTO tb_station(station_id, name) VALUES (287, '개롱');
INSERT INTO tb_station(station_id, name) VALUES (288, '천마산');
INSERT INTO tb_station(station_id, name) VALUES (289, '매교');
INSERT INTO tb_station(station_id, name) VALUES (290, '오목교');
INSERT INTO tb_station(station_id, name) VALUES (291, '광운대');
INSERT INTO tb_station(station_id, name) VALUES (292, '양주');
INSERT INTO tb_station(station_id, name) VALUES (293, '잠원');
INSERT INTO tb_station(station_id, name) VALUES (294, '상갈');
INSERT INTO tb_station(station_id, name) VALUES (295, '동인천');
INSERT INTO tb_station(station_id, name) VALUES (296, '아차산');
INSERT INTO tb_station(station_id, name) VALUES (297, '부개');
INSERT INTO tb_station(station_id, name) VALUES (298, '귤현');
INSERT INTO tb_station(station_id, name) VALUES (299, '사우');
INSERT INTO tb_station(station_id, name) VALUES (300, '소래포구');
INSERT INTO tb_station(station_id, name) VALUES (301, '별내');
INSERT INTO tb_station(station_id, name) VALUES (302, '동천');
INSERT INTO tb_station(station_id, name) VALUES (303, '목동');
INSERT INTO tb_station(station_id, name) VALUES (304, '경복궁');
INSERT INTO tb_station(station_id, name) VALUES (305, '진접');
INSERT INTO tb_station(station_id, name) VALUES (306, '주안');
INSERT INTO tb_station(station_id, name) VALUES (307, '개봉');
INSERT INTO tb_station(station_id, name) VALUES (308, '대공원');
INSERT INTO tb_station(station_id, name) VALUES (309, '서대문');
INSERT INTO tb_station(station_id, name) VALUES (310, '월롱');
INSERT INTO tb_station(station_id, name) VALUES (311, '소사');
INSERT INTO tb_station(station_id, name) VALUES (312, '마포');
INSERT INTO tb_station(station_id, name) VALUES (313, '하남시청');
INSERT INTO tb_station(station_id, name) VALUES (314, '오산');
INSERT INTO tb_station(station_id, name) VALUES (315, '예술회관');
INSERT INTO tb_station(station_id, name) VALUES (316, '상현');
INSERT INTO tb_station(station_id, name) VALUES (317, '의정부시청');
INSERT INTO tb_station(station_id, name) VALUES (318, '녹사평');
INSERT INTO tb_station(station_id, name) VALUES (319, '여의도');
INSERT INTO tb_station(station_id, name) VALUES (320, '어천');
INSERT INTO tb_station(station_id, name) VALUES (321, '남위례');
INSERT INTO tb_station(station_id, name) VALUES (322, '마산');
INSERT INTO tb_station(station_id, name) VALUES (323, '천안');
INSERT INTO tb_station(station_id, name) VALUES (324, '남성');
INSERT INTO tb_station(station_id, name) VALUES (325, '용답');
INSERT INTO tb_station(station_id, name) VALUES (326, '구산');
INSERT INTO tb_station(station_id, name) VALUES (327, '갈산');
INSERT INTO tb_station(station_id, name) VALUES (328, '독립문');
INSERT INTO tb_station(station_id, name) VALUES (329, '북한산보국문');
INSERT INTO tb_station(station_id, name) VALUES (330, '삼성');
INSERT INTO tb_station(station_id, name) VALUES (331, '혜화');
INSERT INTO tb_station(station_id, name) VALUES (332, '당고개');
INSERT INTO tb_station(station_id, name) VALUES (333, '상월곡');
INSERT INTO tb_station(station_id, name) VALUES (334, '도봉');
INSERT INTO tb_station(station_id, name) VALUES (335, '동대입구');
INSERT INTO tb_station(station_id, name) VALUES (336, '시흥능곡');
INSERT INTO tb_station(station_id, name) VALUES (337, '정릉');
INSERT INTO tb_station(station_id, name) VALUES (338, '원시');
INSERT INTO tb_station(station_id, name) VALUES (339, '중동');
INSERT INTO tb_station(station_id, name) VALUES (340, '미아');
INSERT INTO tb_station(station_id, name) VALUES (341, '선부');
INSERT INTO tb_station(station_id, name) VALUES (342, '잠실나루');
INSERT INTO tb_station(station_id, name) VALUES (343, '신이문');
INSERT INTO tb_station(station_id, name) VALUES (344, '계양');
INSERT INTO tb_station(station_id, name) VALUES (345, '직산');
INSERT INTO tb_station(station_id, name) VALUES (346, '신대방삼거리');
INSERT INTO tb_station(station_id, name) VALUES (347, '구리');
INSERT INTO tb_station(station_id, name) VALUES (348, '이촌');
INSERT INTO tb_station(station_id, name) VALUES (349, '금촌');
INSERT INTO tb_station(station_id, name) VALUES (350, '장한평');
INSERT INTO tb_station(station_id, name) VALUES (351, '개화');
INSERT INTO tb_station(station_id, name) VALUES (352, '용두');
INSERT INTO tb_station(station_id, name) VALUES (353, '한양대');
INSERT INTO tb_station(station_id, name) VALUES (354, '시청');
INSERT INTO tb_station(station_id, name) VALUES (355, '세마');
INSERT INTO tb_station(station_id, name) VALUES (356, '탄현');
INSERT INTO tb_station(station_id, name) VALUES (357, '어린이대공원');
INSERT INTO tb_station(station_id, name) VALUES (358, '굴봉산');
INSERT INTO tb_station(station_id, name) VALUES (359, '야당');
INSERT INTO tb_station(station_id, name) VALUES (360, '고속터미널');
INSERT INTO tb_station(station_id, name) VALUES (361, '어룡');
INSERT INTO tb_station(station_id, name) VALUES (362, '고려대');
INSERT INTO tb_station(station_id, name) VALUES (363, '부천종합운동장');
INSERT INTO tb_station(station_id, name) VALUES (364, '신반포');
INSERT INTO tb_station(station_id, name) VALUES (365, '남춘천');
INSERT INTO tb_station(station_id, name) VALUES (366, '길음');
INSERT INTO tb_station(station_id, name) VALUES (367, '장승배기');
INSERT INTO tb_station(station_id, name) VALUES (368, '천호');
INSERT INTO tb_station(station_id, name) VALUES (369, '신원');
INSERT INTO tb_station(station_id, name) VALUES (370, '문정');
INSERT INTO tb_station(station_id, name) VALUES (371, '김유정');
INSERT INTO tb_station(station_id, name) VALUES (372, '박촌');
INSERT INTO tb_station(station_id, name) VALUES (373, '중화');
INSERT INTO tb_station(station_id, name) VALUES (374, '인천터미널');
INSERT INTO tb_station(station_id, name) VALUES (375, '하남풍산');
INSERT INTO tb_station(station_id, name) VALUES (376, '병점');
INSERT INTO tb_station(station_id, name) VALUES (377, '창동');
INSERT INTO tb_station(station_id, name) VALUES (378, '화서');
INSERT INTO tb_station(station_id, name) VALUES (379, '의정부');
INSERT INTO tb_station(station_id, name) VALUES (380, '검암');
INSERT INTO tb_station(station_id, name) VALUES (381, '송도');
INSERT INTO tb_station(station_id, name) VALUES (382, '금정');
INSERT INTO tb_station(station_id, name) VALUES (383, '진위');
INSERT INTO tb_station(station_id, name) VALUES (384, '갈매');
INSERT INTO tb_station(station_id, name) VALUES (385, '계산');
INSERT INTO tb_station(station_id, name) VALUES (386, '원인재');
INSERT INTO tb_station(station_id, name) VALUES (387, '화정');
INSERT INTO tb_station(station_id, name) VALUES (388, '염창');
INSERT INTO tb_station(station_id, name) VALUES (389, '김량장');
INSERT INTO tb_station(station_id, name) VALUES (390, '월곡');
INSERT INTO tb_station(station_id, name) VALUES (391, '신논현');
INSERT INTO tb_station(station_id, name) VALUES (392, '가락시장');
INSERT INTO tb_station(station_id, name) VALUES (393, '명일');
INSERT INTO tb_station(station_id, name) VALUES (394, '곡산');
INSERT INTO tb_station(station_id, name) VALUES (395, '과천');
INSERT INTO tb_station(station_id, name) VALUES (396, '구룡');
INSERT INTO tb_station(station_id, name) VALUES (397, '제기동');
INSERT INTO tb_station(station_id, name) VALUES (398, '신설동');
INSERT INTO tb_station(station_id, name) VALUES (399, '행당');
INSERT INTO tb_station(station_id, name) VALUES (400, '마천');
INSERT INTO tb_station(station_id, name) VALUES (401, '신길');
INSERT INTO tb_station(station_id, name) VALUES (402, '탕정');
INSERT INTO tb_station(station_id, name) VALUES (403, '사당');
INSERT INTO tb_station(station_id, name) VALUES (404, '초월');
INSERT INTO tb_station(station_id, name) VALUES (405, '송내');
INSERT INTO tb_station(station_id, name) VALUES (406, '아현');
INSERT INTO tb_station(station_id, name) VALUES (407, '망원');
INSERT INTO tb_station(station_id, name) VALUES (408, '동대문');
INSERT INTO tb_station(station_id, name) VALUES (409, '인천논현');
INSERT INTO tb_station(station_id, name) VALUES (410, '아산');
INSERT INTO tb_station(station_id, name) VALUES (411, '청평');
INSERT INTO tb_station(station_id, name) VALUES (412, '대방');
INSERT INTO tb_station(station_id, name) VALUES (413, '청계산입구');
INSERT INTO tb_station(station_id, name) VALUES (414, '도봉산');
INSERT INTO tb_station(station_id, name) VALUES (415, '신길온천');
INSERT INTO tb_station(station_id, name) VALUES (416, '논현');
INSERT INTO tb_station(station_id, name) VALUES (417, '왕길');
INSERT INTO tb_station(station_id, name) VALUES (418, '상동');
INSERT INTO tb_station(station_id, name) VALUES (419, '송도달빛축제공원');
INSERT INTO tb_station(station_id, name) VALUES (420, '공항화물청사');
INSERT INTO tb_station(station_id, name) VALUES (421, '오리');
INSERT INTO tb_station(station_id, name) VALUES (422, '광명사거리');
INSERT INTO tb_station(station_id, name) VALUES (423, '상봉');
INSERT INTO tb_station(station_id, name) VALUES (424, '석바위시장');
INSERT INTO tb_station(station_id, name) VALUES (425, '청구');
INSERT INTO tb_station(station_id, name) VALUES (426, '인천가좌');
INSERT INTO tb_station(station_id, name) VALUES (427, '운천');
INSERT INTO tb_station(station_id, name) VALUES (428, '전대.에버랜드');
INSERT INTO tb_station(station_id, name) VALUES (429, '암사');
INSERT INTO tb_station(station_id, name) VALUES (430, '까치산');
INSERT INTO tb_station(station_id, name) VALUES (431, '방화');
INSERT INTO tb_station(station_id, name) VALUES (432, '송정');
INSERT INTO tb_station(station_id, name) VALUES (433, '삼전');
INSERT INTO tb_station(station_id, name) VALUES (434, '당정');
INSERT INTO tb_station(station_id, name) VALUES (435, '구래');
INSERT INTO tb_station(station_id, name) VALUES (436, '홍제');
INSERT INTO tb_station(station_id, name) VALUES (437, '숭실대입구');
INSERT INTO tb_station(station_id, name) VALUES (438, '도화');
INSERT INTO tb_station(station_id, name) VALUES (439, '여주');
INSERT INTO tb_station(station_id, name) VALUES (440, '이대');
INSERT INTO tb_station(station_id, name) VALUES (441, '당산');
INSERT INTO tb_station(station_id, name) VALUES (442, '둔촌오륜');
INSERT INTO tb_station(station_id, name) VALUES (443, '남영');
INSERT INTO tb_station(station_id, name) VALUES (444, '석수');
INSERT INTO tb_station(station_id, name) VALUES (445, '용문');
INSERT INTO tb_station(station_id, name) VALUES (446, '원종');
INSERT INTO tb_station(station_id, name) VALUES (447, '동묘앞');
INSERT INTO tb_station(station_id, name) VALUES (448, '내방');
INSERT INTO tb_station(station_id, name) VALUES (449, '단대오거리');
INSERT INTO tb_station(station_id, name) VALUES (450, '운길산');
INSERT INTO tb_station(station_id, name) VALUES (451, '녹번');
INSERT INTO tb_station(station_id, name) VALUES (452, '백운');
INSERT INTO tb_station(station_id, name) VALUES (453, '캠퍼스타운');
INSERT INTO tb_station(station_id, name) VALUES (454, '남태령');
INSERT INTO tb_station(station_id, name) VALUES (455, '가정중앙시장');
INSERT INTO tb_station(station_id, name) VALUES (456, '구성');
INSERT INTO tb_station(station_id, name) VALUES (457, '이천');
INSERT INTO tb_station(station_id, name) VALUES (458, '명지대');
INSERT INTO tb_station(station_id, name) VALUES (459, '신흥');
INSERT INTO tb_station(station_id, name) VALUES (460, '구일');
INSERT INTO tb_station(station_id, name) VALUES (461, '대야미');
INSERT INTO tb_station(station_id, name) VALUES (462, '보라매병원');
INSERT INTO tb_station(station_id, name) VALUES (463, '오금');
INSERT INTO tb_station(station_id, name) VALUES (464, '수색');
INSERT INTO tb_station(station_id, name) VALUES (465, '광명');
INSERT INTO tb_station(station_id, name) VALUES (466, '보라매공원');
INSERT INTO tb_station(station_id, name) VALUES (467, '소새울');
INSERT INTO tb_station(station_id, name) VALUES (468, '서구청');
INSERT INTO tb_station(station_id, name) VALUES (469, '태릉입구');
INSERT INTO tb_station(station_id, name) VALUES (470, '잠실새내');
INSERT INTO tb_station(station_id, name) VALUES (471, '공릉');
INSERT INTO tb_station(station_id, name) VALUES (472, '금릉');
INSERT INTO tb_station(station_id, name) VALUES (473, '중곡');
INSERT INTO tb_station(station_id, name) VALUES (474, '세류');
INSERT INTO tb_station(station_id, name) VALUES (475, '중계');
INSERT INTO tb_station(station_id, name) VALUES (476, '용산');
INSERT INTO tb_station(station_id, name) VALUES (477, '주엽');
INSERT INTO tb_station(station_id, name) VALUES (478, '무악재');
INSERT INTO tb_station(station_id, name) VALUES (479, '남한산성입구');
INSERT INTO tb_station(station_id, name) VALUES (480, '서강대');
INSERT INTO tb_station(station_id, name) VALUES (481, '동두천중앙');
INSERT INTO tb_station(station_id, name) VALUES (482, '녹양');
INSERT INTO tb_station(station_id, name) VALUES (483, '평택지제');
INSERT INTO tb_station(station_id, name) VALUES (484, '강일');
INSERT INTO tb_station(station_id, name) VALUES (485, '오산대');
INSERT INTO tb_station(station_id, name) VALUES (486, '쌍용');
INSERT INTO tb_station(station_id, name) VALUES (487, '신방화');
INSERT INTO tb_station(station_id, name) VALUES (488, '독바위');
INSERT INTO tb_station(station_id, name) VALUES (489, '부천');
INSERT INTO tb_station(station_id, name) VALUES (490, '수진');
INSERT INTO tb_station(station_id, name) VALUES (491, '독정');
INSERT INTO tb_station(station_id, name) VALUES (492, '먹골');
INSERT INTO tb_station(station_id, name) VALUES (493, '정부과천청사');
INSERT INTO tb_station(station_id, name) VALUES (494, '수지구청');
INSERT INTO tb_station(station_id, name) VALUES (495, '신정네거리');
INSERT INTO tb_station(station_id, name) VALUES (496, '두정');
INSERT INTO tb_station(station_id, name) VALUES (497, '불광');
INSERT INTO tb_station(station_id, name) VALUES (498, '금곡');
INSERT INTO tb_station(station_id, name) VALUES (499, '회현');
INSERT INTO tb_station(station_id, name) VALUES (500, '인덕원');
INSERT INTO tb_station(station_id, name) VALUES (501, '선유도');
INSERT INTO tb_station(station_id, name) VALUES (502, '방학');
INSERT INTO tb_station(station_id, name) VALUES (503, '동대문역사문화공원');
INSERT INTO tb_station(station_id, name) VALUES (504, '검단오류');
INSERT INTO tb_station(station_id, name) VALUES (505, '신포');
INSERT INTO tb_station(station_id, name) VALUES (506, '도심');
INSERT INTO tb_station(station_id, name) VALUES (507, '수락산');
INSERT INTO tb_station(station_id, name) VALUES (508, '부평시장');
INSERT INTO tb_station(station_id, name) VALUES (509, '테크노파크');
INSERT INTO tb_station(station_id, name) VALUES (510, '부발');
INSERT INTO tb_station(station_id, name) VALUES (511, '서울대벤처타운');
INSERT INTO tb_station(station_id, name) VALUES (512, '삼송');
INSERT INTO tb_station(station_id, name) VALUES (513, '고진');
INSERT INTO tb_station(station_id, name) VALUES (514, '역촌');
INSERT INTO tb_station(station_id, name) VALUES (515, '검단사거리');
INSERT INTO tb_station(station_id, name) VALUES (516, '연신내');
INSERT INTO tb_station(station_id, name) VALUES (517, '삼양');
INSERT INTO tb_station(station_id, name) VALUES (518, '경인교대입구');
INSERT INTO tb_station(station_id, name) VALUES (519, '명학');
INSERT INTO tb_station(station_id, name) VALUES (520, '상일동');
INSERT INTO tb_station(station_id, name) VALUES (521, '마곡나루');
INSERT INTO tb_station(station_id, name) VALUES (522, '쌍문');
INSERT INTO tb_station(station_id, name) VALUES (523, '석계');
INSERT INTO tb_station(station_id, name) VALUES (524, '대치');
INSERT INTO tb_station(station_id, name) VALUES (525, '둔촌동');
INSERT INTO tb_station(station_id, name) VALUES (526, '봉명');
INSERT INTO tb_station(station_id, name) VALUES (527, '월곶');
INSERT INTO tb_station(station_id, name) VALUES (528, '효자');
INSERT INTO tb_station(station_id, name) VALUES (529, '가산디지털단지');
INSERT INTO tb_station(station_id, name) VALUES (530, '인천대입구');
INSERT INTO tb_station(station_id, name) VALUES (531, '운양');
INSERT INTO tb_station(station_id, name) VALUES (532, '수내');
INSERT INTO tb_station(station_id, name) VALUES (533, '압구정');
INSERT INTO tb_station(station_id, name) VALUES (534, '신내');
INSERT INTO tb_station(station_id, name) VALUES (535, '반월');
INSERT INTO tb_station(station_id, name) VALUES (536, '도농');
INSERT INTO tb_station(station_id, name) VALUES (537, '가재울');
INSERT INTO tb_station(station_id, name) VALUES (538, '신정');
INSERT INTO tb_station(station_id, name) VALUES (539, '마장');
INSERT INTO tb_station(station_id, name) VALUES (540, '도곡');
INSERT INTO tb_station(station_id, name) VALUES (541, '범계');
INSERT INTO tb_station(station_id, name) VALUES (542, '한성백제');
INSERT INTO tb_station(station_id, name) VALUES (543, '삼양사거리');
INSERT INTO tb_station(station_id, name) VALUES (544, '지식정보단지');
INSERT INTO tb_station(station_id, name) VALUES (545, '덕정');
INSERT INTO tb_station(station_id, name) VALUES (546, '애오개');
INSERT INTO tb_station(station_id, name) VALUES (547, '국회의사당');
INSERT INTO tb_station(station_id, name) VALUES (548, '신갈');
INSERT INTO tb_station(station_id, name) VALUES (549, '문산');
INSERT INTO tb_station(station_id, name) VALUES (550, '도림천');
INSERT INTO tb_station(station_id, name) VALUES (551, '이매');
INSERT INTO tb_station(station_id, name) VALUES (552, '성수');
INSERT INTO tb_station(station_id, name) VALUES (553, '하계');
INSERT INTO tb_station(station_id, name) VALUES (554, '동오');
INSERT INTO tb_station(station_id, name) VALUES (555, '회기');
INSERT INTO tb_station(station_id, name) VALUES (556, '안국');
INSERT INTO tb_station(station_id, name) VALUES (557, '강남');
INSERT INTO tb_station(station_id, name) VALUES (558, '증미');
INSERT INTO tb_station(station_id, name) VALUES (559, '군자');
INSERT INTO tb_station(station_id, name) VALUES (560, '대림');
INSERT INTO tb_station(station_id, name) VALUES (561, '대화');
INSERT INTO tb_station(station_id, name) VALUES (562, '신중동');
INSERT INTO tb_station(station_id, name) VALUES (563, '운정');
INSERT INTO tb_station(station_id, name) VALUES (564, '걸포북변');
INSERT INTO tb_station(station_id, name) VALUES (565, '양재시민의숲');
INSERT INTO tb_station(station_id, name) VALUES (566, '새절');
INSERT INTO tb_station(station_id, name) VALUES (567, '청라국제도시');
INSERT INTO tb_station(station_id, name) VALUES (568, '안양');
INSERT INTO tb_station(station_id, name) VALUES (569, '대곡');
INSERT INTO tb_station(station_id, name) VALUES (570, '성환');
INSERT INTO tb_station(station_id, name) VALUES (571, '합정');
INSERT INTO tb_station(station_id, name) VALUES (572, '지축');
INSERT INTO tb_station(station_id, name) VALUES (573, '인천공항2터미널');
INSERT INTO tb_station(station_id, name) VALUES (574, '부평삼거리');
INSERT INTO tb_station(station_id, name) VALUES (575, '가능');
INSERT INTO tb_station(station_id, name) VALUES (576, '신당');
INSERT INTO tb_station(station_id, name) VALUES (577, '을지로3가');
INSERT INTO tb_station(station_id, name) VALUES (578, '산본');
INSERT INTO tb_station(station_id, name) VALUES (579, '도원');
INSERT INTO tb_station(station_id, name) VALUES (580, '경전철의정부');
INSERT INTO tb_station(station_id, name) VALUES (581, '신둔도예촌');
INSERT INTO tb_station(station_id, name) VALUES (582, '주안국가산단');
INSERT INTO tb_station(station_id, name) VALUES (583, '군포');
INSERT INTO tb_station(station_id, name) VALUES (584, '역삼');
INSERT INTO tb_station(station_id, name) VALUES (585, '상도');
INSERT INTO tb_station(station_id, name) VALUES (586, '보라매');
INSERT INTO tb_station(station_id, name) VALUES (587, '양촌');
INSERT INTO tb_station(station_id, name) VALUES (588, '중랑');
INSERT INTO tb_station(station_id, name) VALUES (589, '미금');
INSERT INTO tb_station(station_id, name) VALUES (590, '경마공원');
INSERT INTO tb_station(station_id, name) VALUES (591, '솔밭공원');
INSERT INTO tb_station(station_id, name) VALUES (592, '부평구청');
INSERT INTO tb_station(station_id, name) VALUES (593, '장지');
INSERT INTO tb_station(station_id, name) VALUES (594, '가평');
INSERT INTO tb_station(station_id, name) VALUES (595, '상천');
INSERT INTO tb_station(station_id, name) VALUES (596, '하남검단산');
INSERT INTO tb_station(station_id, name) VALUES (597, '남구로');
INSERT INTO tb_station(station_id, name) VALUES (598, '가좌');
INSERT INTO tb_station(station_id, name) VALUES (599, '강남구청');
INSERT INTO tb_station(station_id, name) VALUES (600, '봉화산');
INSERT INTO tb_station(station_id, name) VALUES (601, '면목');
INSERT INTO tb_station(station_id, name) VALUES (602, '국수');
INSERT INTO tb_station(station_id, name) VALUES (603, '신천');
INSERT INTO tb_station(station_id, name) VALUES (604, '부평');
INSERT INTO tb_station(station_id, name) VALUES (605, '을지로입구');
INSERT INTO tb_station(station_id, name) VALUES (606, '창신');
INSERT INTO tb_station(station_id, name) VALUES (607, '독산');
INSERT INTO tb_station(station_id, name) VALUES (608, '판교');
INSERT INTO tb_station(station_id, name) VALUES (609, '복정');
INSERT INTO tb_station(station_id, name) VALUES (610, '수리산');
INSERT INTO tb_station(station_id, name) VALUES (611, '지행');
INSERT INTO tb_station(station_id, name) VALUES (612, '녹천');
INSERT INTO tb_station(station_id, name) VALUES (613, '시우');
INSERT INTO tb_station(station_id, name) VALUES (614, '만수');
INSERT INTO tb_station(station_id, name) VALUES (615, '충무로');
INSERT INTO tb_station(station_id, name) VALUES (616, '마들');
INSERT INTO tb_station(station_id, name) VALUES (617, '의왕');
INSERT INTO tb_station(station_id, name) VALUES (618, '선정릉');
INSERT INTO tb_station(station_id, name) VALUES (619, '파주');
INSERT INTO tb_station(station_id, name) VALUES (620, '의정부중앙');
INSERT INTO tb_station(station_id, name) VALUES (621, '방이');
INSERT INTO tb_station(station_id, name) VALUES (622, '수서');
INSERT INTO tb_station(station_id, name) VALUES (623, '김포공항');
INSERT INTO tb_station(station_id, name) VALUES (624, '효창공원앞');
INSERT INTO tb_station(station_id, name) VALUES (625, '샛강');
INSERT INTO tb_station(station_id, name) VALUES (626, '을지로4가');
INSERT INTO tb_station(station_id, name) VALUES (627, '뚝섬유원지');
INSERT INTO tb_station(station_id, name) VALUES (628, '인하대');
INSERT INTO tb_station(station_id, name) VALUES (629, '중앙');
INSERT INTO tb_station(station_id, name) VALUES (630, '서울역');
INSERT INTO tb_station(station_id, name) VALUES (631, '신목동');
INSERT INTO tb_station(station_id, name) VALUES (632, '백양리');
INSERT INTO tb_station(station_id, name) VALUES (633, '망월사');
INSERT INTO tb_station(station_id, name) VALUES (634, '월드컵경기장');
INSERT INTO tb_station(station_id, name) VALUES (635, '산성');
INSERT INTO tb_station(station_id, name) VALUES (636, '평택');
INSERT INTO tb_station(station_id, name) VALUES (637, '신사');
INSERT INTO tb_station(station_id, name) VALUES (638, '경기도청북부청사');
INSERT INTO tb_station(station_id, name) VALUES (639, '강동');
INSERT INTO tb_station(station_id, name) VALUES (640, '오남');

-- ## 지하철 노선 - 정류장 연관 정보

INSERT INTO tb_subway_line_station(subway_line_id, station_id) VALUES(1, 408);
INSERT INTO tb_subway_line_station(subway_line_id, station_id) VALUES(1, 280);
INSERT INTO tb_subway_line_station(subway_line_id, station_id) VALUES(1, 612);
INSERT INTO tb_subway_line_station(subway_line_id, station_id) VALUES(1, 377);
INSERT INTO tb_subway_line_station(subway_line_id, station_id) VALUES(1, 61);
INSERT INTO tb_subway_line_station(subway_line_id, station_id) VALUES(1, 41);
INSERT INTO tb_subway_line_station(subway_line_id, station_id) VALUES(1, 114);
INSERT INTO tb_subway_line_station(subway_line_id, station_id) VALUES(1, 307);
INSERT INTO tb_subway_line_station(subway_line_id, station_id) VALUES(1, 175);
INSERT INTO tb_subway_line_station(subway_line_id, station_id) VALUES(1, 27);
INSERT INTO tb_subway_line_station(subway_line_id, station_id) VALUES(1, 489);
INSERT INTO tb_subway_line_station(subway_line_id, station_id) VALUES(1, 405);
INSERT INTO tb_subway_line_station(subway_line_id, station_id) VALUES(1, 604);
INSERT INTO tb_subway_line_station(subway_line_id, station_id) VALUES(1, 452);
INSERT INTO tb_subway_line_station(subway_line_id, station_id) VALUES(1, 157);
INSERT INTO tb_subway_line_station(subway_line_id, station_id) VALUES(1, 295);
INSERT INTO tb_subway_line_station(subway_line_id, station_id) VALUES(1, 69);
INSERT INTO tb_subway_line_station(subway_line_id, station_id) VALUES(1, 460);
INSERT INTO tb_subway_line_station(subway_line_id, station_id) VALUES(1, 311);
INSERT INTO tb_subway_line_station(subway_line_id, station_id) VALUES(1, 297);
INSERT INTO tb_subway_line_station(subway_line_id, station_id) VALUES(1, 218);
INSERT INTO tb_subway_line_station(subway_line_id, station_id) VALUES(1, 579);
INSERT INTO tb_subway_line_station(subway_line_id, station_id) VALUES(1, 96);
INSERT INTO tb_subway_line_station(subway_line_id, station_id) VALUES(1, 339);
INSERT INTO tb_subway_line_station(subway_line_id, station_id) VALUES(1, 438);
INSERT INTO tb_subway_line_station(subway_line_id, station_id) VALUES(1, 85);
INSERT INTO tb_subway_line_station(subway_line_id, station_id) VALUES(1, 36);
INSERT INTO tb_subway_line_station(subway_line_id, station_id) VALUES(1, 481);
INSERT INTO tb_subway_line_station(subway_line_id, station_id) VALUES(1, 611);
INSERT INTO tb_subway_line_station(subway_line_id, station_id) VALUES(1, 285);
INSERT INTO tb_subway_line_station(subway_line_id, station_id) VALUES(1, 292);
INSERT INTO tb_subway_line_station(subway_line_id, station_id) VALUES(1, 482);
INSERT INTO tb_subway_line_station(subway_line_id, station_id) VALUES(1, 575);
INSERT INTO tb_subway_line_station(subway_line_id, station_id) VALUES(1, 379);
INSERT INTO tb_subway_line_station(subway_line_id, station_id) VALUES(1, 75);
INSERT INTO tb_subway_line_station(subway_line_id, station_id) VALUES(1, 633);
INSERT INTO tb_subway_line_station(subway_line_id, station_id) VALUES(1, 414);
INSERT INTO tb_subway_line_station(subway_line_id, station_id) VALUES(1, 334);
INSERT INTO tb_subway_line_station(subway_line_id, station_id) VALUES(1, 354);
INSERT INTO tb_subway_line_station(subway_line_id, station_id) VALUES(1, 630);
INSERT INTO tb_subway_line_station(subway_line_id, station_id) VALUES(1, 401);
INSERT INTO tb_subway_line_station(subway_line_id, station_id) VALUES(1, 80);
INSERT INTO tb_subway_line_station(subway_line_id, station_id) VALUES(1, 545);
INSERT INTO tb_subway_line_station(subway_line_id, station_id) VALUES(1, 502);
INSERT INTO tb_subway_line_station(subway_line_id, station_id) VALUES(1, 306);
INSERT INTO tb_subway_line_station(subway_line_id, station_id) VALUES(1, 189);
INSERT INTO tb_subway_line_station(subway_line_id, station_id) VALUES(1, 314);
INSERT INTO tb_subway_line_station(subway_line_id, station_id) VALUES(1, 249);
INSERT INTO tb_subway_line_station(subway_line_id, station_id) VALUES(1, 382);
INSERT INTO tb_subway_line_station(subway_line_id, station_id) VALUES(1, 443);
INSERT INTO tb_subway_line_station(subway_line_id, station_id) VALUES(1, 476);
INSERT INTO tb_subway_line_station(subway_line_id, station_id) VALUES(1, 113);
INSERT INTO tb_subway_line_station(subway_line_id, station_id) VALUES(1, 412);
INSERT INTO tb_subway_line_station(subway_line_id, station_id) VALUES(1, 526);
INSERT INTO tb_subway_line_station(subway_line_id, station_id) VALUES(1, 486);
INSERT INTO tb_subway_line_station(subway_line_id, station_id) VALUES(1, 410);
INSERT INTO tb_subway_line_station(subway_line_id, station_id) VALUES(1, 402);
INSERT INTO tb_subway_line_station(subway_line_id, station_id) VALUES(1, 245);
INSERT INTO tb_subway_line_station(subway_line_id, station_id) VALUES(1, 170);
INSERT INTO tb_subway_line_station(subway_line_id, station_id) VALUES(1, 236);
INSERT INTO tb_subway_line_station(subway_line_id, station_id) VALUES(1, 156);
INSERT INTO tb_subway_line_station(subway_line_id, station_id) VALUES(1, 108);
INSERT INTO tb_subway_line_station(subway_line_id, station_id) VALUES(1, 383);
INSERT INTO tb_subway_line_station(subway_line_id, station_id) VALUES(1, 184);
INSERT INTO tb_subway_line_station(subway_line_id, station_id) VALUES(1, 397);
INSERT INTO tb_subway_line_station(subway_line_id, station_id) VALUES(1, 447);
INSERT INTO tb_subway_line_station(subway_line_id, station_id) VALUES(1, 8);
INSERT INTO tb_subway_line_station(subway_line_id, station_id) VALUES(1, 529);
INSERT INTO tb_subway_line_station(subway_line_id, station_id) VALUES(1, 259);
INSERT INTO tb_subway_line_station(subway_line_id, station_id) VALUES(1, 444);
INSERT INTO tb_subway_line_station(subway_line_id, station_id) VALUES(1, 82);
INSERT INTO tb_subway_line_station(subway_line_id, station_id) VALUES(1, 568);
INSERT INTO tb_subway_line_station(subway_line_id, station_id) VALUES(1, 519);
INSERT INTO tb_subway_line_station(subway_line_id, station_id) VALUES(1, 583);
INSERT INTO tb_subway_line_station(subway_line_id, station_id) VALUES(1, 617);
INSERT INTO tb_subway_line_station(subway_line_id, station_id) VALUES(1, 158);
INSERT INTO tb_subway_line_station(subway_line_id, station_id) VALUES(1, 378);
INSERT INTO tb_subway_line_station(subway_line_id, station_id) VALUES(1, 172);
INSERT INTO tb_subway_line_station(subway_line_id, station_id) VALUES(1, 607);
INSERT INTO tb_subway_line_station(subway_line_id, station_id) VALUES(1, 474);
INSERT INTO tb_subway_line_station(subway_line_id, station_id) VALUES(1, 376);
INSERT INTO tb_subway_line_station(subway_line_id, station_id) VALUES(1, 355);
INSERT INTO tb_subway_line_station(subway_line_id, station_id) VALUES(1, 485);
INSERT INTO tb_subway_line_station(subway_line_id, station_id) VALUES(1, 95);
INSERT INTO tb_subway_line_station(subway_line_id, station_id) VALUES(1, 30);
INSERT INTO tb_subway_line_station(subway_line_id, station_id) VALUES(1, 483);
INSERT INTO tb_subway_line_station(subway_line_id, station_id) VALUES(1, 636);
INSERT INTO tb_subway_line_station(subway_line_id, station_id) VALUES(1, 570);
INSERT INTO tb_subway_line_station(subway_line_id, station_id) VALUES(1, 345);
INSERT INTO tb_subway_line_station(subway_line_id, station_id) VALUES(1, 496);
INSERT INTO tb_subway_line_station(subway_line_id, station_id) VALUES(1, 323);
INSERT INTO tb_subway_line_station(subway_line_id, station_id) VALUES(1, 434);
INSERT INTO tb_subway_line_station(subway_line_id, station_id) VALUES(1, 465);
INSERT INTO tb_subway_line_station(subway_line_id, station_id) VALUES(1, 398);
INSERT INTO tb_subway_line_station(subway_line_id, station_id) VALUES(1, 555);
INSERT INTO tb_subway_line_station(subway_line_id, station_id) VALUES(1, 215);
INSERT INTO tb_subway_line_station(subway_line_id, station_id) VALUES(1, 343);
INSERT INTO tb_subway_line_station(subway_line_id, station_id) VALUES(1, 523);
INSERT INTO tb_subway_line_station(subway_line_id, station_id) VALUES(1, 291);
INSERT INTO tb_subway_line_station(subway_line_id, station_id) VALUES(2, 560);
INSERT INTO tb_subway_line_station(subway_line_id, station_id) VALUES(2, 238);
INSERT INTO tb_subway_line_station(subway_line_id, station_id) VALUES(2, 97);
INSERT INTO tb_subway_line_station(subway_line_id, station_id) VALUES(2, 269);
INSERT INTO tb_subway_line_station(subway_line_id, station_id) VALUES(2, 403);
INSERT INTO tb_subway_line_station(subway_line_id, station_id) VALUES(2, 605);
INSERT INTO tb_subway_line_station(subway_line_id, station_id) VALUES(2, 261);
INSERT INTO tb_subway_line_station(subway_line_id, station_id) VALUES(2, 352);
INSERT INTO tb_subway_line_station(subway_line_id, station_id) VALUES(2, 49);
INSERT INTO tb_subway_line_station(subway_line_id, station_id) VALUES(2, 66);
INSERT INTO tb_subway_line_station(subway_line_id, station_id) VALUES(2, 626);
INSERT INTO tb_subway_line_station(subway_line_id, station_id) VALUES(2, 571);
INSERT INTO tb_subway_line_station(subway_line_id, station_id) VALUES(2, 7);
INSERT INTO tb_subway_line_station(subway_line_id, station_id) VALUES(2, 495);
INSERT INTO tb_subway_line_station(subway_line_id, station_id) VALUES(2, 441);
INSERT INTO tb_subway_line_station(subway_line_id, station_id) VALUES(2, 225);
INSERT INTO tb_subway_line_station(subway_line_id, station_id) VALUES(2, 330);
INSERT INTO tb_subway_line_station(subway_line_id, station_id) VALUES(2, 205);
INSERT INTO tb_subway_line_station(subway_line_id, station_id) VALUES(2, 186);
INSERT INTO tb_subway_line_station(subway_line_id, station_id) VALUES(2, 256);
INSERT INTO tb_subway_line_station(subway_line_id, station_id) VALUES(2, 16);
INSERT INTO tb_subway_line_station(subway_line_id, station_id) VALUES(2, 552);
INSERT INTO tb_subway_line_station(subway_line_id, station_id) VALUES(2, 577);
INSERT INTO tb_subway_line_station(subway_line_id, station_id) VALUES(2, 17);
INSERT INTO tb_subway_line_station(subway_line_id, station_id) VALUES(2, 108);
INSERT INTO tb_subway_line_station(subway_line_id, station_id) VALUES(2, 406);
INSERT INTO tb_subway_line_station(subway_line_id, station_id) VALUES(2, 325);
INSERT INTO tb_subway_line_station(subway_line_id, station_id) VALUES(2, 353);
INSERT INTO tb_subway_line_station(subway_line_id, station_id) VALUES(2, 219);
INSERT INTO tb_subway_line_station(subway_line_id, station_id) VALUES(2, 180);
INSERT INTO tb_subway_line_station(subway_line_id, station_id) VALUES(2, 226);
INSERT INTO tb_subway_line_station(subway_line_id, station_id) VALUES(2, 138);
INSERT INTO tb_subway_line_station(subway_line_id, station_id) VALUES(2, 65);
INSERT INTO tb_subway_line_station(subway_line_id, station_id) VALUES(2, 127);
INSERT INTO tb_subway_line_station(subway_line_id, station_id) VALUES(2, 557);
INSERT INTO tb_subway_line_station(subway_line_id, station_id) VALUES(2, 584);
INSERT INTO tb_subway_line_station(subway_line_id, station_id) VALUES(2, 110);
INSERT INTO tb_subway_line_station(subway_line_id, station_id) VALUES(2, 76);
INSERT INTO tb_subway_line_station(subway_line_id, station_id) VALUES(2, 342);
INSERT INTO tb_subway_line_station(subway_line_id, station_id) VALUES(2, 193);
INSERT INTO tb_subway_line_station(subway_line_id, station_id) VALUES(2, 209);
INSERT INTO tb_subway_line_station(subway_line_id, station_id) VALUES(2, 576);
INSERT INTO tb_subway_line_station(subway_line_id, station_id) VALUES(2, 503);
INSERT INTO tb_subway_line_station(subway_line_id, station_id) VALUES(2, 354);
INSERT INTO tb_subway_line_station(subway_line_id, station_id) VALUES(2, 430);
INSERT INTO tb_subway_line_station(subway_line_id, station_id) VALUES(2, 87);
INSERT INTO tb_subway_line_station(subway_line_id, station_id) VALUES(2, 124);
INSERT INTO tb_subway_line_station(subway_line_id, station_id) VALUES(2, 550);
INSERT INTO tb_subway_line_station(subway_line_id, station_id) VALUES(2, 470);
INSERT INTO tb_subway_line_station(subway_line_id, station_id) VALUES(2, 398);
INSERT INTO tb_subway_line_station(subway_line_id, station_id) VALUES(2, 440);
INSERT INTO tb_subway_line_station(subway_line_id, station_id) VALUES(3, 436);
INSERT INTO tb_subway_line_station(subway_line_id, station_id) VALUES(3, 577);
INSERT INTO tb_subway_line_station(subway_line_id, station_id) VALUES(3, 63);
INSERT INTO tb_subway_line_station(subway_line_id, station_id) VALUES(3, 512);
INSERT INTO tb_subway_line_station(subway_line_id, station_id) VALUES(3, 88);
INSERT INTO tb_subway_line_station(subway_line_id, station_id) VALUES(3, 451);
INSERT INTO tb_subway_line_station(subway_line_id, station_id) VALUES(3, 497);
INSERT INTO tb_subway_line_station(subway_line_id, station_id) VALUES(3, 516);
INSERT INTO tb_subway_line_station(subway_line_id, station_id) VALUES(3, 93);
INSERT INTO tb_subway_line_station(subway_line_id, station_id) VALUES(3, 572);
INSERT INTO tb_subway_line_station(subway_line_id, station_id) VALUES(3, 253);
INSERT INTO tb_subway_line_station(subway_line_id, station_id) VALUES(3, 533);
INSERT INTO tb_subway_line_station(subway_line_id, station_id) VALUES(3, 561);
INSERT INTO tb_subway_line_station(subway_line_id, station_id) VALUES(3, 477);
INSERT INTO tb_subway_line_station(subway_line_id, station_id) VALUES(3, 213);
INSERT INTO tb_subway_line_station(subway_line_id, station_id) VALUES(3, 217);
INSERT INTO tb_subway_line_station(subway_line_id, station_id) VALUES(3, 23);
INSERT INTO tb_subway_line_station(subway_line_id, station_id) VALUES(3, 615);
INSERT INTO tb_subway_line_station(subway_line_id, station_id) VALUES(3, 81);
INSERT INTO tb_subway_line_station(subway_line_id, station_id) VALUES(3, 569);
INSERT INTO tb_subway_line_station(subway_line_id, station_id) VALUES(3, 387);
INSERT INTO tb_subway_line_station(subway_line_id, station_id) VALUES(3, 478);
INSERT INTO tb_subway_line_station(subway_line_id, station_id) VALUES(3, 637);
INSERT INTO tb_subway_line_station(subway_line_id, station_id) VALUES(3, 41);
INSERT INTO tb_subway_line_station(subway_line_id, station_id) VALUES(3, 79);
INSERT INTO tb_subway_line_station(subway_line_id, station_id) VALUES(3, 392);
INSERT INTO tb_subway_line_station(subway_line_id, station_id) VALUES(3, 622);
INSERT INTO tb_subway_line_station(subway_line_id, station_id) VALUES(3, 224);
INSERT INTO tb_subway_line_station(subway_line_id, station_id) VALUES(3, 282);
INSERT INTO tb_subway_line_station(subway_line_id, station_id) VALUES(3, 127);
INSERT INTO tb_subway_line_station(subway_line_id, station_id) VALUES(3, 360);
INSERT INTO tb_subway_line_station(subway_line_id, station_id) VALUES(3, 540);
INSERT INTO tb_subway_line_station(subway_line_id, station_id) VALUES(3, 13);
INSERT INTO tb_subway_line_station(subway_line_id, station_id) VALUES(3, 123);
INSERT INTO tb_subway_line_station(subway_line_id, station_id) VALUES(3, 556);
INSERT INTO tb_subway_line_station(subway_line_id, station_id) VALUES(3, 244);
INSERT INTO tb_subway_line_station(subway_line_id, station_id) VALUES(3, 92);
INSERT INTO tb_subway_line_station(subway_line_id, station_id) VALUES(3, 304);
INSERT INTO tb_subway_line_station(subway_line_id, station_id) VALUES(3, 335);
INSERT INTO tb_subway_line_station(subway_line_id, station_id) VALUES(3, 524);
INSERT INTO tb_subway_line_station(subway_line_id, station_id) VALUES(3, 463);
INSERT INTO tb_subway_line_station(subway_line_id, station_id) VALUES(3, 328);
INSERT INTO tb_subway_line_station(subway_line_id, station_id) VALUES(3, 230);
INSERT INTO tb_subway_line_station(subway_line_id, station_id) VALUES(3, 293);
INSERT INTO tb_subway_line_station(subway_line_id, station_id) VALUES(4, 541);
INSERT INTO tb_subway_line_station(subway_line_id, station_id) VALUES(4, 237);
INSERT INTO tb_subway_line_station(subway_line_id, station_id) VALUES(4, 377);
INSERT INTO tb_subway_line_station(subway_line_id, station_id) VALUES(4, 522);
INSERT INTO tb_subway_line_station(subway_line_id, station_id) VALUES(4, 99);
INSERT INTO tb_subway_line_station(subway_line_id, station_id) VALUES(4, 340);
INSERT INTO tb_subway_line_station(subway_line_id, station_id) VALUES(4, 90);
INSERT INTO tb_subway_line_station(subway_line_id, station_id) VALUES(4, 366);
INSERT INTO tb_subway_line_station(subway_line_id, station_id) VALUES(4, 149);
INSERT INTO tb_subway_line_station(subway_line_id, station_id) VALUES(4, 144);
INSERT INTO tb_subway_line_station(subway_line_id, station_id) VALUES(4, 331);
INSERT INTO tb_subway_line_station(subway_line_id, station_id) VALUES(4, 408);
INSERT INTO tb_subway_line_station(subway_line_id, station_id) VALUES(4, 503);
INSERT INTO tb_subway_line_station(subway_line_id, station_id) VALUES(4, 615);
INSERT INTO tb_subway_line_station(subway_line_id, station_id) VALUES(4, 35);
INSERT INTO tb_subway_line_station(subway_line_id, station_id) VALUES(4, 499);
INSERT INTO tb_subway_line_station(subway_line_id, station_id) VALUES(4, 630);
INSERT INTO tb_subway_line_station(subway_line_id, station_id) VALUES(4, 198);
INSERT INTO tb_subway_line_station(subway_line_id, station_id) VALUES(4, 135);
INSERT INTO tb_subway_line_station(subway_line_id, station_id) VALUES(4, 266);
INSERT INTO tb_subway_line_station(subway_line_id, station_id) VALUES(4, 348);
INSERT INTO tb_subway_line_station(subway_line_id, station_id) VALUES(4, 119);
INSERT INTO tb_subway_line_station(subway_line_id, station_id) VALUES(4, 274);
INSERT INTO tb_subway_line_station(subway_line_id, station_id) VALUES(4, 403);
INSERT INTO tb_subway_line_station(subway_line_id, station_id) VALUES(4, 454);
INSERT INTO tb_subway_line_station(subway_line_id, station_id) VALUES(4, 55);
INSERT INTO tb_subway_line_station(subway_line_id, station_id) VALUES(4, 332);
INSERT INTO tb_subway_line_station(subway_line_id, station_id) VALUES(4, 94);
INSERT INTO tb_subway_line_station(subway_line_id, station_id) VALUES(4, 640);
INSERT INTO tb_subway_line_station(subway_line_id, station_id) VALUES(4, 305);
INSERT INTO tb_subway_line_station(subway_line_id, station_id) VALUES(4, 57);
INSERT INTO tb_subway_line_station(subway_line_id, station_id) VALUES(4, 590);
INSERT INTO tb_subway_line_station(subway_line_id, station_id) VALUES(4, 308);
INSERT INTO tb_subway_line_station(subway_line_id, station_id) VALUES(4, 395);
INSERT INTO tb_subway_line_station(subway_line_id, station_id) VALUES(4, 493);
INSERT INTO tb_subway_line_station(subway_line_id, station_id) VALUES(4, 500);
INSERT INTO tb_subway_line_station(subway_line_id, station_id) VALUES(4, 262);
INSERT INTO tb_subway_line_station(subway_line_id, station_id) VALUES(4, 382);
INSERT INTO tb_subway_line_station(subway_line_id, station_id) VALUES(4, 578);
INSERT INTO tb_subway_line_station(subway_line_id, station_id) VALUES(4, 461);
INSERT INTO tb_subway_line_station(subway_line_id, station_id) VALUES(4, 535);
INSERT INTO tb_subway_line_station(subway_line_id, station_id) VALUES(4, 140);
INSERT INTO tb_subway_line_station(subway_line_id, station_id) VALUES(4, 196);
INSERT INTO tb_subway_line_station(subway_line_id, station_id) VALUES(4, 629);
INSERT INTO tb_subway_line_station(subway_line_id, station_id) VALUES(4, 67);
INSERT INTO tb_subway_line_station(subway_line_id, station_id) VALUES(4, 283);
INSERT INTO tb_subway_line_station(subway_line_id, station_id) VALUES(4, 222);
INSERT INTO tb_subway_line_station(subway_line_id, station_id) VALUES(4, 415);
INSERT INTO tb_subway_line_station(subway_line_id, station_id) VALUES(4, 150);
INSERT INTO tb_subway_line_station(subway_line_id, station_id) VALUES(4, 83);
INSERT INTO tb_subway_line_station(subway_line_id, station_id) VALUES(4, 610);
INSERT INTO tb_subway_line_station(subway_line_id, station_id) VALUES(5, 503);
INSERT INTO tb_subway_line_station(subway_line_id, station_id) VALUES(5, 626);
INSERT INTO tb_subway_line_station(subway_line_id, station_id) VALUES(5, 425);
INSERT INTO tb_subway_line_station(subway_line_id, station_id) VALUES(5, 41);
INSERT INTO tb_subway_line_station(subway_line_id, station_id) VALUES(5, 132);
INSERT INTO tb_subway_line_station(subway_line_id, station_id) VALUES(5, 309);
INSERT INTO tb_subway_line_station(subway_line_id, station_id) VALUES(5, 124);
INSERT INTO tb_subway_line_station(subway_line_id, station_id) VALUES(5, 28);
INSERT INTO tb_subway_line_station(subway_line_id, station_id) VALUES(5, 312);
INSERT INTO tb_subway_line_station(subway_line_id, station_id) VALUES(5, 271);
INSERT INTO tb_subway_line_station(subway_line_id, station_id) VALUES(5, 319);
INSERT INTO tb_subway_line_station(subway_line_id, station_id) VALUES(5, 401);
INSERT INTO tb_subway_line_station(subway_line_id, station_id) VALUES(5, 246);
INSERT INTO tb_subway_line_station(subway_line_id, station_id) VALUES(5, 147);
INSERT INTO tb_subway_line_station(subway_line_id, station_id) VALUES(5, 399);
INSERT INTO tb_subway_line_station(subway_line_id, station_id) VALUES(5, 219);
INSERT INTO tb_subway_line_station(subway_line_id, station_id) VALUES(5, 539);
INSERT INTO tb_subway_line_station(subway_line_id, station_id) VALUES(5, 186);
INSERT INTO tb_subway_line_station(subway_line_id, station_id) VALUES(5, 233);
INSERT INTO tb_subway_line_station(subway_line_id, station_id) VALUES(5, 290);
INSERT INTO tb_subway_line_station(subway_line_id, station_id) VALUES(5, 303);
INSERT INTO tb_subway_line_station(subway_line_id, station_id) VALUES(5, 538);
INSERT INTO tb_subway_line_station(subway_line_id, station_id) VALUES(5, 430);
INSERT INTO tb_subway_line_station(subway_line_id, station_id) VALUES(5, 21);
INSERT INTO tb_subway_line_station(subway_line_id, station_id) VALUES(5, 26);
INSERT INTO tb_subway_line_station(subway_line_id, station_id) VALUES(5, 71);
INSERT INTO tb_subway_line_station(subway_line_id, station_id) VALUES(5, 350);
INSERT INTO tb_subway_line_station(subway_line_id, station_id) VALUES(5, 559);
INSERT INTO tb_subway_line_station(subway_line_id, station_id) VALUES(5, 296);
INSERT INTO tb_subway_line_station(subway_line_id, station_id) VALUES(5, 47);
INSERT INTO tb_subway_line_station(subway_line_id, station_id) VALUES(5, 368);
INSERT INTO tb_subway_line_station(subway_line_id, station_id) VALUES(5, 639);
INSERT INTO tb_subway_line_station(subway_line_id, station_id) VALUES(5, 248);
INSERT INTO tb_subway_line_station(subway_line_id, station_id) VALUES(5, 10);
INSERT INTO tb_subway_line_station(subway_line_id, station_id) VALUES(5, 393);
INSERT INTO tb_subway_line_station(subway_line_id, station_id) VALUES(5, 183);
INSERT INTO tb_subway_line_station(subway_line_id, station_id) VALUES(5, 525);
INSERT INTO tb_subway_line_station(subway_line_id, station_id) VALUES(5, 117);
INSERT INTO tb_subway_line_station(subway_line_id, station_id) VALUES(5, 621);
INSERT INTO tb_subway_line_station(subway_line_id, station_id) VALUES(5, 287);
INSERT INTO tb_subway_line_station(subway_line_id, station_id) VALUES(5, 77);
INSERT INTO tb_subway_line_station(subway_line_id, station_id) VALUES(5, 400);
INSERT INTO tb_subway_line_station(subway_line_id, station_id) VALUES(5, 313);
INSERT INTO tb_subway_line_station(subway_line_id, station_id) VALUES(5, 596);
INSERT INTO tb_subway_line_station(subway_line_id, station_id) VALUES(5, 623);
INSERT INTO tb_subway_line_station(subway_line_id, station_id) VALUES(5, 20);
INSERT INTO tb_subway_line_station(subway_line_id, station_id) VALUES(5, 375);
INSERT INTO tb_subway_line_station(subway_line_id, station_id) VALUES(5, 546);
INSERT INTO tb_subway_line_station(subway_line_id, station_id) VALUES(5, 520);
INSERT INTO tb_subway_line_station(subway_line_id, station_id) VALUES(5, 463);
INSERT INTO tb_subway_line_station(subway_line_id, station_id) VALUES(5, 484);
INSERT INTO tb_subway_line_station(subway_line_id, station_id) VALUES(5, 221);
INSERT INTO tb_subway_line_station(subway_line_id, station_id) VALUES(5, 188);
INSERT INTO tb_subway_line_station(subway_line_id, station_id) VALUES(5, 432);
INSERT INTO tb_subway_line_station(subway_line_id, station_id) VALUES(5, 431);
INSERT INTO tb_subway_line_station(subway_line_id, station_id) VALUES(5, 37);
INSERT INTO tb_subway_line_station(subway_line_id, station_id) VALUES(6, 362);
INSERT INTO tb_subway_line_station(subway_line_id, station_id) VALUES(6, 182);
INSERT INTO tb_subway_line_station(subway_line_id, station_id) VALUES(6, 514);
INSERT INTO tb_subway_line_station(subway_line_id, station_id) VALUES(6, 497);
INSERT INTO tb_subway_line_station(subway_line_id, station_id) VALUES(6, 488);
INSERT INTO tb_subway_line_station(subway_line_id, station_id) VALUES(6, 516);
INSERT INTO tb_subway_line_station(subway_line_id, station_id) VALUES(6, 326);
INSERT INTO tb_subway_line_station(subway_line_id, station_id) VALUES(6, 566);
INSERT INTO tb_subway_line_station(subway_line_id, station_id) VALUES(6, 241);
INSERT INTO tb_subway_line_station(subway_line_id, station_id) VALUES(6, 201);
INSERT INTO tb_subway_line_station(subway_line_id, station_id) VALUES(6, 634);
INSERT INTO tb_subway_line_station(subway_line_id, station_id) VALUES(6, 203);
INSERT INTO tb_subway_line_station(subway_line_id, station_id) VALUES(6, 407);
INSERT INTO tb_subway_line_station(subway_line_id, station_id) VALUES(6, 571);
INSERT INTO tb_subway_line_station(subway_line_id, station_id) VALUES(6, 176);
INSERT INTO tb_subway_line_station(subway_line_id, station_id) VALUES(6, 134);
INSERT INTO tb_subway_line_station(subway_line_id, station_id) VALUES(6, 133);
INSERT INTO tb_subway_line_station(subway_line_id, station_id) VALUES(6, 28);
INSERT INTO tb_subway_line_station(subway_line_id, station_id) VALUES(6, 624);
INSERT INTO tb_subway_line_station(subway_line_id, station_id) VALUES(6, 135);
INSERT INTO tb_subway_line_station(subway_line_id, station_id) VALUES(6, 318);
INSERT INTO tb_subway_line_station(subway_line_id, station_id) VALUES(6, 18);
INSERT INTO tb_subway_line_station(subway_line_id, station_id) VALUES(6, 263);
INSERT INTO tb_subway_line_station(subway_line_id, station_id) VALUES(6, 166);
INSERT INTO tb_subway_line_station(subway_line_id, station_id) VALUES(6, 13);
INSERT INTO tb_subway_line_station(subway_line_id, station_id) VALUES(6, 576);
INSERT INTO tb_subway_line_station(subway_line_id, station_id) VALUES(6, 447);
INSERT INTO tb_subway_line_station(subway_line_id, station_id) VALUES(6, 606);
INSERT INTO tb_subway_line_station(subway_line_id, station_id) VALUES(6, 164);
INSERT INTO tb_subway_line_station(subway_line_id, station_id) VALUES(6, 151);
INSERT INTO tb_subway_line_station(subway_line_id, station_id) VALUES(6, 390);
INSERT INTO tb_subway_line_station(subway_line_id, station_id) VALUES(6, 333);
INSERT INTO tb_subway_line_station(subway_line_id, station_id) VALUES(6, 118);
INSERT INTO tb_subway_line_station(subway_line_id, station_id) VALUES(6, 523);
INSERT INTO tb_subway_line_station(subway_line_id, station_id) VALUES(6, 469);
INSERT INTO tb_subway_line_station(subway_line_id, station_id) VALUES(6, 600);
INSERT INTO tb_subway_line_station(subway_line_id, station_id) VALUES(6, 534);
INSERT INTO tb_subway_line_station(subway_line_id, station_id) VALUES(6, 267);
INSERT INTO tb_subway_line_station(subway_line_id, station_id) VALUES(6, 425);
INSERT INTO tb_subway_line_station(subway_line_id, station_id) VALUES(7, 373);
INSERT INTO tb_subway_line_station(subway_line_id, station_id) VALUES(7, 601);
INSERT INTO tb_subway_line_station(subway_line_id, station_id) VALUES(7, 284);
INSERT INTO tb_subway_line_station(subway_line_id, station_id) VALUES(7, 473);
INSERT INTO tb_subway_line_station(subway_line_id, station_id) VALUES(7, 559);
INSERT INTO tb_subway_line_station(subway_line_id, station_id) VALUES(7, 357);
INSERT INTO tb_subway_line_station(subway_line_id, station_id) VALUES(7, 225);
INSERT INTO tb_subway_line_station(subway_line_id, station_id) VALUES(7, 627);
INSERT INTO tb_subway_line_station(subway_line_id, station_id) VALUES(7, 173);
INSERT INTO tb_subway_line_station(subway_line_id, station_id) VALUES(7, 599);
INSERT INTO tb_subway_line_station(subway_line_id, station_id) VALUES(7, 416);
INSERT INTO tb_subway_line_station(subway_line_id, station_id) VALUES(7, 360);
INSERT INTO tb_subway_line_station(subway_line_id, station_id) VALUES(7, 448);
INSERT INTO tb_subway_line_station(subway_line_id, station_id) VALUES(7, 53);
INSERT INTO tb_subway_line_station(subway_line_id, station_id) VALUES(7, 277);
INSERT INTO tb_subway_line_station(subway_line_id, station_id) VALUES(7, 324);
INSERT INTO tb_subway_line_station(subway_line_id, station_id) VALUES(7, 437);
INSERT INTO tb_subway_line_station(subway_line_id, station_id) VALUES(7, 585);
INSERT INTO tb_subway_line_station(subway_line_id, station_id) VALUES(7, 367);
INSERT INTO tb_subway_line_station(subway_line_id, station_id) VALUES(7, 346);
INSERT INTO tb_subway_line_station(subway_line_id, station_id) VALUES(7, 586);
INSERT INTO tb_subway_line_station(subway_line_id, station_id) VALUES(7, 32);
INSERT INTO tb_subway_line_station(subway_line_id, station_id) VALUES(7, 560);
INSERT INTO tb_subway_line_station(subway_line_id, station_id) VALUES(7, 597);
INSERT INTO tb_subway_line_station(subway_line_id, station_id) VALUES(7, 529);
INSERT INTO tb_subway_line_station(subway_line_id, station_id) VALUES(7, 422);
INSERT INTO tb_subway_line_station(subway_line_id, station_id) VALUES(7, 216);
INSERT INTO tb_subway_line_station(subway_line_id, station_id) VALUES(7, 96);
INSERT INTO tb_subway_line_station(subway_line_id, station_id) VALUES(7, 14);
INSERT INTO tb_subway_line_station(subway_line_id, station_id) VALUES(7, 592);
INSERT INTO tb_subway_line_station(subway_line_id, station_id) VALUES(7, 106);
INSERT INTO tb_subway_line_station(subway_line_id, station_id) VALUES(7, 190);
INSERT INTO tb_subway_line_station(subway_line_id, station_id) VALUES(7, 38);
INSERT INTO tb_subway_line_station(subway_line_id, station_id) VALUES(7, 212);
INSERT INTO tb_subway_line_station(subway_line_id, station_id) VALUES(7, 40);
INSERT INTO tb_subway_line_station(subway_line_id, station_id) VALUES(7, 418);
INSERT INTO tb_subway_line_station(subway_line_id, station_id) VALUES(7, 414);
INSERT INTO tb_subway_line_station(subway_line_id, station_id) VALUES(7, 507);
INSERT INTO tb_subway_line_station(subway_line_id, station_id) VALUES(7, 616);
INSERT INTO tb_subway_line_station(subway_line_id, station_id) VALUES(7, 237);
INSERT INTO tb_subway_line_station(subway_line_id, station_id) VALUES(7, 475);
INSERT INTO tb_subway_line_station(subway_line_id, station_id) VALUES(7, 553);
INSERT INTO tb_subway_line_station(subway_line_id, station_id) VALUES(7, 471);
INSERT INTO tb_subway_line_station(subway_line_id, station_id) VALUES(7, 469);
INSERT INTO tb_subway_line_station(subway_line_id, station_id) VALUES(7, 492);
INSERT INTO tb_subway_line_station(subway_line_id, station_id) VALUES(7, 423);
INSERT INTO tb_subway_line_station(subway_line_id, station_id) VALUES(7, 562);
INSERT INTO tb_subway_line_station(subway_line_id, station_id) VALUES(7, 231);
INSERT INTO tb_subway_line_station(subway_line_id, station_id) VALUES(7, 100);
INSERT INTO tb_subway_line_station(subway_line_id, station_id) VALUES(7, 91);
INSERT INTO tb_subway_line_station(subway_line_id, station_id) VALUES(7, 363);
INSERT INTO tb_subway_line_station(subway_line_id, station_id) VALUES(7, 33);
INSERT INTO tb_subway_line_station(subway_line_id, station_id) VALUES(7, 257);
INSERT INTO tb_subway_line_station(subway_line_id, station_id) VALUES(8, 429);
INSERT INTO tb_subway_line_station(subway_line_id, station_id) VALUES(8, 368);
INSERT INTO tb_subway_line_station(subway_line_id, station_id) VALUES(8, 152);
INSERT INTO tb_subway_line_station(subway_line_id, station_id) VALUES(8, 251);
INSERT INTO tb_subway_line_station(subway_line_id, station_id) VALUES(8, 76);
INSERT INTO tb_subway_line_station(subway_line_id, station_id) VALUES(8, 111);
INSERT INTO tb_subway_line_station(subway_line_id, station_id) VALUES(8, 593);
INSERT INTO tb_subway_line_station(subway_line_id, station_id) VALUES(8, 214);
INSERT INTO tb_subway_line_station(subway_line_id, station_id) VALUES(8, 370);
INSERT INTO tb_subway_line_station(subway_line_id, station_id) VALUES(8, 392);
INSERT INTO tb_subway_line_station(subway_line_id, station_id) VALUES(8, 321);
INSERT INTO tb_subway_line_station(subway_line_id, station_id) VALUES(8, 232);
INSERT INTO tb_subway_line_station(subway_line_id, station_id) VALUES(8, 490);
INSERT INTO tb_subway_line_station(subway_line_id, station_id) VALUES(8, 459);
INSERT INTO tb_subway_line_station(subway_line_id, station_id) VALUES(8, 449);
INSERT INTO tb_subway_line_station(subway_line_id, station_id) VALUES(8, 479);
INSERT INTO tb_subway_line_station(subway_line_id, station_id) VALUES(8, 635);
INSERT INTO tb_subway_line_station(subway_line_id, station_id) VALUES(8, 609);
INSERT INTO tb_subway_line_station(subway_line_id, station_id) VALUES(9, 364);
INSERT INTO tb_subway_line_station(subway_line_id, station_id) VALUES(9, 623);
INSERT INTO tb_subway_line_station(subway_line_id, station_id) VALUES(9, 46);
INSERT INTO tb_subway_line_station(subway_line_id, station_id) VALUES(9, 487);
INSERT INTO tb_subway_line_station(subway_line_id, station_id) VALUES(9, 521);
INSERT INTO tb_subway_line_station(subway_line_id, station_id) VALUES(9, 278);
INSERT INTO tb_subway_line_station(subway_line_id, station_id) VALUES(9, 220);
INSERT INTO tb_subway_line_station(subway_line_id, station_id) VALUES(9, 558);
INSERT INTO tb_subway_line_station(subway_line_id, station_id) VALUES(9, 351);
INSERT INTO tb_subway_line_station(subway_line_id, station_id) VALUES(9, 279);
INSERT INTO tb_subway_line_station(subway_line_id, station_id) VALUES(9, 388);
INSERT INTO tb_subway_line_station(subway_line_id, station_id) VALUES(9, 631);
INSERT INTO tb_subway_line_station(subway_line_id, station_id) VALUES(9, 501);
INSERT INTO tb_subway_line_station(subway_line_id, station_id) VALUES(9, 547);
INSERT INTO tb_subway_line_station(subway_line_id, station_id) VALUES(9, 319);
INSERT INTO tb_subway_line_station(subway_line_id, station_id) VALUES(9, 625);
INSERT INTO tb_subway_line_station(subway_line_id, station_id) VALUES(9, 113);
INSERT INTO tb_subway_line_station(subway_line_id, station_id) VALUES(9, 163);
INSERT INTO tb_subway_line_station(subway_line_id, station_id) VALUES(9, 119);
INSERT INTO tb_subway_line_station(subway_line_id, station_id) VALUES(9, 240);
INSERT INTO tb_subway_line_station(subway_line_id, station_id) VALUES(9, 48);
INSERT INTO tb_subway_line_station(subway_line_id, station_id) VALUES(9, 391);
INSERT INTO tb_subway_line_station(subway_line_id, station_id) VALUES(9, 211);
INSERT INTO tb_subway_line_station(subway_line_id, station_id) VALUES(9, 433);
INSERT INTO tb_subway_line_station(subway_line_id, station_id) VALUES(9, 442);
INSERT INTO tb_subway_line_station(subway_line_id, station_id) VALUES(9, 109);
INSERT INTO tb_subway_line_station(subway_line_id, station_id) VALUES(9, 214);
INSERT INTO tb_subway_line_station(subway_line_id, station_id) VALUES(9, 6);
INSERT INTO tb_subway_line_station(subway_line_id, station_id) VALUES(9, 618);
INSERT INTO tb_subway_line_station(subway_line_id, station_id) VALUES(9, 117);
INSERT INTO tb_subway_line_station(subway_line_id, station_id) VALUES(9, 542);
INSERT INTO tb_subway_line_station(subway_line_id, station_id) VALUES(9, 51);
INSERT INTO tb_subway_line_station(subway_line_id, station_id) VALUES(9, 199);
INSERT INTO tb_subway_line_station(subway_line_id, station_id) VALUES(9, 261);
INSERT INTO tb_subway_line_station(subway_line_id, station_id) VALUES(9, 360);
INSERT INTO tb_subway_line_station(subway_line_id, station_id) VALUES(9, 153);
INSERT INTO tb_subway_line_station(subway_line_id, station_id) VALUES(9, 194);
INSERT INTO tb_subway_line_station(subway_line_id, station_id) VALUES(9, 441);
INSERT INTO tb_subway_line_station(subway_line_id, station_id) VALUES(10, 510);
INSERT INTO tb_subway_line_station(subway_line_id, station_id) VALUES(10, 197);
INSERT INTO tb_subway_line_station(subway_line_id, station_id) VALUES(10, 457);
INSERT INTO tb_subway_line_station(subway_line_id, station_id) VALUES(10, 439);
INSERT INTO tb_subway_line_station(subway_line_id, station_id) VALUES(10, 581);
INSERT INTO tb_subway_line_station(subway_line_id, station_id) VALUES(10, 551);
INSERT INTO tb_subway_line_station(subway_line_id, station_id) VALUES(10, 148);
INSERT INTO tb_subway_line_station(subway_line_id, station_id) VALUES(10, 174);
INSERT INTO tb_subway_line_station(subway_line_id, station_id) VALUES(10, 268);
INSERT INTO tb_subway_line_station(subway_line_id, station_id) VALUES(10, 404);
INSERT INTO tb_subway_line_station(subway_line_id, station_id) VALUES(10, 608);
INSERT INTO tb_subway_line_station(subway_line_id, station_id) VALUES(11, 28);
INSERT INTO tb_subway_line_station(subway_line_id, station_id) VALUES(11, 168);
INSERT INTO tb_subway_line_station(subway_line_id, station_id) VALUES(11, 219);
INSERT INTO tb_subway_line_station(subway_line_id, station_id) VALUES(11, 450);
INSERT INTO tb_subway_line_station(subway_line_id, station_id) VALUES(11, 191);
INSERT INTO tb_subway_line_station(subway_line_id, station_id) VALUES(11, 369);
INSERT INTO tb_subway_line_station(subway_line_id, station_id) VALUES(11, 602);
INSERT INTO tb_subway_line_station(subway_line_id, station_id) VALUES(11, 206);
INSERT INTO tb_subway_line_station(subway_line_id, station_id) VALUES(11, 101);
INSERT INTO tb_subway_line_station(subway_line_id, station_id) VALUES(11, 233);
INSERT INTO tb_subway_line_station(subway_line_id, station_id) VALUES(11, 43);
INSERT INTO tb_subway_line_station(subway_line_id, station_id) VALUES(11, 445);
INSERT INTO tb_subway_line_station(subway_line_id, station_id) VALUES(11, 141);
INSERT INTO tb_subway_line_station(subway_line_id, station_id) VALUES(11, 630);
INSERT INTO tb_subway_line_station(subway_line_id, station_id) VALUES(11, 238);
INSERT INTO tb_subway_line_station(subway_line_id, station_id) VALUES(11, 624);
INSERT INTO tb_subway_line_station(subway_line_id, station_id) VALUES(11, 480);
INSERT INTO tb_subway_line_station(subway_line_id, station_id) VALUES(11, 97);
INSERT INTO tb_subway_line_station(subway_line_id, station_id) VALUES(11, 598);
INSERT INTO tb_subway_line_station(subway_line_id, station_id) VALUES(11, 201);
INSERT INTO tb_subway_line_station(subway_line_id, station_id) VALUES(11, 464);
INSERT INTO tb_subway_line_station(subway_line_id, station_id) VALUES(11, 58);
INSERT INTO tb_subway_line_station(subway_line_id, station_id) VALUES(11, 270);
INSERT INTO tb_subway_line_station(subway_line_id, station_id) VALUES(11, 394);
INSERT INTO tb_subway_line_station(subway_line_id, station_id) VALUES(11, 159);
INSERT INTO tb_subway_line_station(subway_line_id, station_id) VALUES(11, 202);
INSERT INTO tb_subway_line_station(subway_line_id, station_id) VALUES(11, 103);
INSERT INTO tb_subway_line_station(subway_line_id, station_id) VALUES(11, 356);
INSERT INTO tb_subway_line_station(subway_line_id, station_id) VALUES(11, 359);
INSERT INTO tb_subway_line_station(subway_line_id, station_id) VALUES(11, 563);
INSERT INTO tb_subway_line_station(subway_line_id, station_id) VALUES(11, 472);
INSERT INTO tb_subway_line_station(subway_line_id, station_id) VALUES(11, 349);
INSERT INTO tb_subway_line_station(subway_line_id, station_id) VALUES(11, 310);
INSERT INTO tb_subway_line_station(subway_line_id, station_id) VALUES(11, 619);
INSERT INTO tb_subway_line_station(subway_line_id, station_id) VALUES(11, 549);
INSERT INTO tb_subway_line_station(subway_line_id, station_id) VALUES(11, 102);
INSERT INTO tb_subway_line_station(subway_line_id, station_id) VALUES(11, 427);
INSERT INTO tb_subway_line_station(subway_line_id, station_id) VALUES(11, 555);
INSERT INTO tb_subway_line_station(subway_line_id, station_id) VALUES(11, 184);
INSERT INTO tb_subway_line_station(subway_line_id, station_id) VALUES(11, 242);
INSERT INTO tb_subway_line_station(subway_line_id, station_id) VALUES(11, 230);
INSERT INTO tb_subway_line_station(subway_line_id, station_id) VALUES(11, 207);
INSERT INTO tb_subway_line_station(subway_line_id, station_id) VALUES(11, 476);
INSERT INTO tb_subway_line_station(subway_line_id, station_id) VALUES(11, 569);
INSERT INTO tb_subway_line_station(subway_line_id, station_id) VALUES(11, 143);
INSERT INTO tb_subway_line_station(subway_line_id, station_id) VALUES(11, 15);
INSERT INTO tb_subway_line_station(subway_line_id, station_id) VALUES(11, 348);
INSERT INTO tb_subway_line_station(subway_line_id, station_id) VALUES(11, 506);
INSERT INTO tb_subway_line_station(subway_line_id, station_id) VALUES(11, 273);
INSERT INTO tb_subway_line_station(subway_line_id, station_id) VALUES(11, 115);
INSERT INTO tb_subway_line_station(subway_line_id, station_id) VALUES(11, 536);
INSERT INTO tb_subway_line_station(subway_line_id, station_id) VALUES(11, 347);
INSERT INTO tb_subway_line_station(subway_line_id, station_id) VALUES(11, 120);
INSERT INTO tb_subway_line_station(subway_line_id, station_id) VALUES(11, 423);
INSERT INTO tb_subway_line_station(subway_line_id, station_id) VALUES(11, 588);
INSERT INTO tb_subway_line_station(subway_line_id, station_id) VALUES(11, 50);
INSERT INTO tb_subway_line_station(subway_line_id, station_id) VALUES(11, 12);
INSERT INTO tb_subway_line_station(subway_line_id, station_id) VALUES(12, 555);
INSERT INTO tb_subway_line_station(subway_line_id, station_id) VALUES(12, 39);
INSERT INTO tb_subway_line_station(subway_line_id, station_id) VALUES(12, 411);
INSERT INTO tb_subway_line_station(subway_line_id, station_id) VALUES(12, 112);
INSERT INTO tb_subway_line_station(subway_line_id, station_id) VALUES(12, 288);
INSERT INTO tb_subway_line_station(subway_line_id, station_id) VALUES(12, 68);
INSERT INTO tb_subway_line_station(subway_line_id, station_id) VALUES(12, 44);
INSERT INTO tb_subway_line_station(subway_line_id, station_id) VALUES(12, 258);
INSERT INTO tb_subway_line_station(subway_line_id, station_id) VALUES(12, 365);
INSERT INTO tb_subway_line_station(subway_line_id, station_id) VALUES(12, 371);
INSERT INTO tb_subway_line_station(subway_line_id, station_id) VALUES(12, 632);
INSERT INTO tb_subway_line_station(subway_line_id, station_id) VALUES(12, 358);
INSERT INTO tb_subway_line_station(subway_line_id, station_id) VALUES(12, 45);
INSERT INTO tb_subway_line_station(subway_line_id, station_id) VALUES(12, 594);
INSERT INTO tb_subway_line_station(subway_line_id, station_id) VALUES(12, 291);
INSERT INTO tb_subway_line_station(subway_line_id, station_id) VALUES(12, 184);
INSERT INTO tb_subway_line_station(subway_line_id, station_id) VALUES(12, 588);
INSERT INTO tb_subway_line_station(subway_line_id, station_id) VALUES(12, 423);
INSERT INTO tb_subway_line_station(subway_line_id, station_id) VALUES(12, 143);
INSERT INTO tb_subway_line_station(subway_line_id, station_id) VALUES(12, 534);
INSERT INTO tb_subway_line_station(subway_line_id, station_id) VALUES(12, 384);
INSERT INTO tb_subway_line_station(subway_line_id, station_id) VALUES(12, 301);
INSERT INTO tb_subway_line_station(subway_line_id, station_id) VALUES(12, 181);
INSERT INTO tb_subway_line_station(subway_line_id, station_id) VALUES(12, 498);
INSERT INTO tb_subway_line_station(subway_line_id, station_id) VALUES(12, 595);
INSERT INTO tb_subway_line_station(subway_line_id, station_id) VALUES(13, 567);
INSERT INTO tb_subway_line_station(subway_line_id, station_id) VALUES(13, 573);
INSERT INTO tb_subway_line_station(subway_line_id, station_id) VALUES(13, 178);
INSERT INTO tb_subway_line_station(subway_line_id, station_id) VALUES(13, 521);
INSERT INTO tb_subway_line_station(subway_line_id, station_id) VALUES(13, 28);
INSERT INTO tb_subway_line_station(subway_line_id, station_id) VALUES(13, 97);
INSERT INTO tb_subway_line_station(subway_line_id, station_id) VALUES(13, 201);
INSERT INTO tb_subway_line_station(subway_line_id, station_id) VALUES(13, 623);
INSERT INTO tb_subway_line_station(subway_line_id, station_id) VALUES(13, 126);
INSERT INTO tb_subway_line_station(subway_line_id, station_id) VALUES(13, 420);
INSERT INTO tb_subway_line_station(subway_line_id, station_id) VALUES(13, 25);
INSERT INTO tb_subway_line_station(subway_line_id, station_id) VALUES(13, 630);
INSERT INTO tb_subway_line_station(subway_line_id, station_id) VALUES(13, 344);
INSERT INTO tb_subway_line_station(subway_line_id, station_id) VALUES(13, 380);
INSERT INTO tb_subway_line_station(subway_line_id, station_id) VALUES(15, 363);
INSERT INTO tb_subway_line_station(subway_line_id, station_id) VALUES(15, 103);
INSERT INTO tb_subway_line_station(subway_line_id, station_id) VALUES(15, 336);
INSERT INTO tb_subway_line_station(subway_line_id, station_id) VALUES(15, 446);
INSERT INTO tb_subway_line_station(subway_line_id, station_id) VALUES(15, 311);
INSERT INTO tb_subway_line_station(subway_line_id, station_id) VALUES(15, 467);
INSERT INTO tb_subway_line_station(subway_line_id, station_id) VALUES(15, 146);
INSERT INTO tb_subway_line_station(subway_line_id, station_id) VALUES(15, 603);
INSERT INTO tb_subway_line_station(subway_line_id, station_id) VALUES(15, 247);
INSERT INTO tb_subway_line_station(subway_line_id, station_id) VALUES(15, 86);
INSERT INTO tb_subway_line_station(subway_line_id, station_id) VALUES(15, 15);
INSERT INTO tb_subway_line_station(subway_line_id, station_id) VALUES(15, 394);
INSERT INTO tb_subway_line_station(subway_line_id, station_id) VALUES(15, 159);
INSERT INTO tb_subway_line_station(subway_line_id, station_id) VALUES(15, 129);
INSERT INTO tb_subway_line_station(subway_line_id, station_id) VALUES(15, 569);
INSERT INTO tb_subway_line_station(subway_line_id, station_id) VALUES(15, 202);
INSERT INTO tb_subway_line_station(subway_line_id, station_id) VALUES(15, 341);
INSERT INTO tb_subway_line_station(subway_line_id, station_id) VALUES(15, 283);
INSERT INTO tb_subway_line_station(subway_line_id, station_id) VALUES(15, 613);
INSERT INTO tb_subway_line_station(subway_line_id, station_id) VALUES(15, 338);
INSERT INTO tb_subway_line_station(subway_line_id, station_id) VALUES(15, 623);
INSERT INTO tb_subway_line_station(subway_line_id, station_id) VALUES(16, 229);
INSERT INTO tb_subway_line_station(subway_line_id, station_id) VALUES(16, 160);
INSERT INTO tb_subway_line_station(subway_line_id, station_id) VALUES(16, 386);
INSERT INTO tb_subway_line_station(subway_line_id, station_id) VALUES(16, 64);
INSERT INTO tb_subway_line_station(subway_line_id, station_id) VALUES(16, 381);
INSERT INTO tb_subway_line_station(subway_line_id, station_id) VALUES(16, 628);
INSERT INTO tb_subway_line_station(subway_line_id, station_id) VALUES(16, 505);
INSERT INTO tb_subway_line_station(subway_line_id, station_id) VALUES(16, 69);
INSERT INTO tb_subway_line_station(subway_line_id, station_id) VALUES(16, 110);
INSERT INTO tb_subway_line_station(subway_line_id, station_id) VALUES(16, 540);
INSERT INTO tb_subway_line_station(subway_line_id, station_id) VALUES(16, 396);
INSERT INTO tb_subway_line_station(subway_line_id, station_id) VALUES(16, 136);
INSERT INTO tb_subway_line_station(subway_line_id, station_id) VALUES(16, 219);
INSERT INTO tb_subway_line_station(subway_line_id, station_id) VALUES(16, 599);
INSERT INTO tb_subway_line_station(subway_line_id, station_id) VALUES(16, 78);
INSERT INTO tb_subway_line_station(subway_line_id, station_id) VALUES(16, 622);
INSERT INTO tb_subway_line_station(subway_line_id, station_id) VALUES(16, 104);
INSERT INTO tb_subway_line_station(subway_line_id, station_id) VALUES(16, 121);
INSERT INTO tb_subway_line_station(subway_line_id, station_id) VALUES(16, 243);
INSERT INTO tb_subway_line_station(subway_line_id, station_id) VALUES(16, 169);
INSERT INTO tb_subway_line_station(subway_line_id, station_id) VALUES(16, 107);
INSERT INTO tb_subway_line_station(subway_line_id, station_id) VALUES(16, 618);
INSERT INTO tb_subway_line_station(subway_line_id, station_id) VALUES(16, 72);
INSERT INTO tb_subway_line_station(subway_line_id, station_id) VALUES(16, 421);
INSERT INTO tb_subway_line_station(subway_line_id, station_id) VALUES(16, 551);
INSERT INTO tb_subway_line_station(subway_line_id, station_id) VALUES(16, 167);
INSERT INTO tb_subway_line_station(subway_line_id, station_id) VALUES(16, 187);
INSERT INTO tb_subway_line_station(subway_line_id, station_id) VALUES(16, 456);
INSERT INTO tb_subway_line_station(subway_line_id, station_id) VALUES(16, 548);
INSERT INTO tb_subway_line_station(subway_line_id, station_id) VALUES(16, 192);
INSERT INTO tb_subway_line_station(subway_line_id, station_id) VALUES(16, 294);
INSERT INTO tb_subway_line_station(subway_line_id, station_id) VALUES(16, 1);
INSERT INTO tb_subway_line_station(subway_line_id, station_id) VALUES(16, 171);
INSERT INTO tb_subway_line_station(subway_line_id, station_id) VALUES(16, 139);
INSERT INTO tb_subway_line_station(subway_line_id, station_id) VALUES(16, 145);
INSERT INTO tb_subway_line_station(subway_line_id, station_id) VALUES(16, 289);
INSERT INTO tb_subway_line_station(subway_line_id, station_id) VALUES(16, 2);
INSERT INTO tb_subway_line_station(subway_line_id, station_id) VALUES(16, 130);
INSERT INTO tb_subway_line_station(subway_line_id, station_id) VALUES(16, 320);
INSERT INTO tb_subway_line_station(subway_line_id, station_id) VALUES(16, 155);
INSERT INTO tb_subway_line_station(subway_line_id, station_id) VALUES(16, 527);
INSERT INTO tb_subway_line_station(subway_line_id, station_id) VALUES(16, 300);
INSERT INTO tb_subway_line_station(subway_line_id, station_id) VALUES(16, 409);
INSERT INTO tb_subway_line_station(subway_line_id, station_id) VALUES(16, 252);
INSERT INTO tb_subway_line_station(subway_line_id, station_id) VALUES(16, 60);
INSERT INTO tb_subway_line_station(subway_line_id, station_id) VALUES(16, 195);
INSERT INTO tb_subway_line_station(subway_line_id, station_id) VALUES(16, 609);
INSERT INTO tb_subway_line_station(subway_line_id, station_id) VALUES(16, 122);
INSERT INTO tb_subway_line_station(subway_line_id, station_id) VALUES(16, 532);
INSERT INTO tb_subway_line_station(subway_line_id, station_id) VALUES(16, 161);
INSERT INTO tb_subway_line_station(subway_line_id, station_id) VALUES(16, 589);
INSERT INTO tb_subway_line_station(subway_line_id, station_id) VALUES(16, 232);
INSERT INTO tb_subway_line_station(subway_line_id, station_id) VALUES(16, 83);
INSERT INTO tb_subway_line_station(subway_line_id, station_id) VALUES(16, 196);
INSERT INTO tb_subway_line_station(subway_line_id, station_id) VALUES(16, 629);
INSERT INTO tb_subway_line_station(subway_line_id, station_id) VALUES(16, 67);
INSERT INTO tb_subway_line_station(subway_line_id, station_id) VALUES(16, 283);
INSERT INTO tb_subway_line_station(subway_line_id, station_id) VALUES(16, 222);
INSERT INTO tb_subway_line_station(subway_line_id, station_id) VALUES(16, 415);
INSERT INTO tb_subway_line_station(subway_line_id, station_id) VALUES(16, 150);
INSERT INTO tb_subway_line_station(subway_line_id, station_id) VALUES(16, 184);
INSERT INTO tb_subway_line_station(subway_line_id, station_id) VALUES(16, 172);
INSERT INTO tb_subway_line_station(subway_line_id, station_id) VALUES(16, 125);
INSERT INTO tb_subway_line_station(subway_line_id, station_id) VALUES(18, 565);
INSERT INTO tb_subway_line_station(subway_line_id, station_id) VALUES(18, 161);
INSERT INTO tb_subway_line_station(subway_line_id, station_id) VALUES(18, 637);
INSERT INTO tb_subway_line_station(subway_line_id, station_id) VALUES(18, 557);
INSERT INTO tb_subway_line_station(subway_line_id, station_id) VALUES(18, 391);
INSERT INTO tb_subway_line_station(subway_line_id, station_id) VALUES(18, 589);
INSERT INTO tb_subway_line_station(subway_line_id, station_id) VALUES(18, 494);
INSERT INTO tb_subway_line_station(subway_line_id, station_id) VALUES(18, 302);
INSERT INTO tb_subway_line_station(subway_line_id, station_id) VALUES(18, 272);
INSERT INTO tb_subway_line_station(subway_line_id, station_id) VALUES(18, 234);
INSERT INTO tb_subway_line_station(subway_line_id, station_id) VALUES(18, 416);
INSERT INTO tb_subway_line_station(subway_line_id, station_id) VALUES(18, 213);
INSERT INTO tb_subway_line_station(subway_line_id, station_id) VALUES(18, 413);
INSERT INTO tb_subway_line_station(subway_line_id, station_id) VALUES(18, 3);
INSERT INTO tb_subway_line_station(subway_line_id, station_id) VALUES(18, 316);
INSERT INTO tb_subway_line_station(subway_line_id, station_id) VALUES(18, 608);
INSERT INTO tb_subway_line_station(subway_line_id, station_id) VALUES(20, 105);
INSERT INTO tb_subway_line_station(subway_line_id, station_id) VALUES(20, 398);
INSERT INTO tb_subway_line_station(subway_line_id, station_id) VALUES(20, 164);
INSERT INTO tb_subway_line_station(subway_line_id, station_id) VALUES(20, 149);
INSERT INTO tb_subway_line_station(subway_line_id, station_id) VALUES(20, 337);
INSERT INTO tb_subway_line_station(subway_line_id, station_id) VALUES(20, 329);
INSERT INTO tb_subway_line_station(subway_line_id, station_id) VALUES(20, 591);
INSERT INTO tb_subway_line_station(subway_line_id, station_id) VALUES(20, 59);
INSERT INTO tb_subway_line_station(subway_line_id, station_id) VALUES(20, 517);
INSERT INTO tb_subway_line_station(subway_line_id, station_id) VALUES(20, 4);
INSERT INTO tb_subway_line_station(subway_line_id, station_id) VALUES(20, 54);
INSERT INTO tb_subway_line_station(subway_line_id, station_id) VALUES(20, 204);
INSERT INTO tb_subway_line_station(subway_line_id, station_id) VALUES(20, 543);